-- MySQL dump 10.13  Distrib 8.0.32, for Win64 (x86_64)
--
-- Host: localhost    Database: vca_db
-- ------------------------------------------------------
-- Server version	8.0.32

/*!40101 SET @OLD_CHARACTER_SET_CLIENT=@@CHARACTER_SET_CLIENT */;
/*!40101 SET @OLD_CHARACTER_SET_RESULTS=@@CHARACTER_SET_RESULTS */;
/*!40101 SET @OLD_COLLATION_CONNECTION=@@COLLATION_CONNECTION */;
/*!50503 SET NAMES utf8 */;
/*!40103 SET @OLD_TIME_ZONE=@@TIME_ZONE */;
/*!40103 SET TIME_ZONE='+00:00' */;
/*!40014 SET @OLD_UNIQUE_CHECKS=@@UNIQUE_CHECKS, UNIQUE_CHECKS=0 */;
/*!40014 SET @OLD_FOREIGN_KEY_CHECKS=@@FOREIGN_KEY_CHECKS, FOREIGN_KEY_CHECKS=0 */;
/*!40101 SET @OLD_SQL_MODE=@@SQL_MODE, SQL_MODE='NO_AUTO_VALUE_ON_ZERO' */;
/*!40111 SET @OLD_SQL_NOTES=@@SQL_NOTES, SQL_NOTES=0 */;

--
-- Table structure for table `alternate_components`
--

DROP TABLE IF EXISTS `alternate_components`;
/*!40101 SET @saved_cs_client     = @@character_set_client */;
/*!50503 SET character_set_client = utf8mb4 */;
CREATE TABLE `alternate_components` (
  `id` bigint NOT NULL AUTO_INCREMENT,
  `created_at` timestamp NOT NULL DEFAULT CURRENT_TIMESTAMP,
  `delta_price` double NOT NULL,
  `updated_at` timestamp NOT NULL DEFAULT CURRENT_TIMESTAMP ON UPDATE CURRENT_TIMESTAMP,
  `comp_id` bigint NOT NULL,
  `alt_comp_id` bigint NOT NULL,
  `mod_id` bigint NOT NULL,
  PRIMARY KEY (`id`),
  KEY `FK3u63qxa2hslju1ol1tlgs6n4j` (`comp_id`),
  KEY `FKsk85p1u27ykw0kv0878xpucat` (`alt_comp_id`),
  KEY `FKplgx3kg99og25pr0pvw1x4try` (`mod_id`),
  CONSTRAINT `FK3u63qxa2hslju1ol1tlgs6n4j` FOREIGN KEY (`comp_id`) REFERENCES `components` (`id`) ON DELETE CASCADE,
  CONSTRAINT `FKplgx3kg99og25pr0pvw1x4try` FOREIGN KEY (`mod_id`) REFERENCES `models` (`id`) ON DELETE CASCADE,
  CONSTRAINT `FKsk85p1u27ykw0kv0878xpucat` FOREIGN KEY (`alt_comp_id`) REFERENCES `components` (`id`) ON DELETE CASCADE
) ENGINE=InnoDB AUTO_INCREMENT=349 DEFAULT CHARSET=utf8mb4 COLLATE=utf8mb4_0900_ai_ci;
/*!40101 SET character_set_client = @saved_cs_client */;

--
-- Dumping data for table `alternate_components`
--

LOCK TABLES `alternate_components` WRITE;
/*!40000 ALTER TABLE `alternate_components` DISABLE KEYS */;
INSERT INTO `alternate_components` VALUES (1,'2023-08-25 04:26:05',0,'2023-08-25 04:26:05',3,3,3051),(2,'2023-08-25 04:26:05',-3000,'2023-08-25 04:26:05',3,103,3051),(3,'2023-08-25 04:26:05',0,'2023-08-25 04:26:05',4,4,3051),(4,'2023-08-25 04:26:05',2200,'2023-08-25 04:26:05',4,104,3051),(5,'2023-08-25 04:26:05',0,'2023-08-25 04:26:05',11,11,3051),(6,'2023-08-25 04:26:05',4000,'2023-08-25 04:26:05',11,105,3051),(7,'2023-08-25 04:26:05',-2000,'2023-08-25 04:26:05',11,105,3051),(8,'2023-08-25 04:26:05',0,'2023-08-25 04:26:05',23,23,3051),(9,'2023-08-25 04:26:05',5000,'2023-08-25 04:26:05',23,120,3051),(10,'2023-08-25 04:26:05',0,'2023-08-25 04:26:05',24,24,3051),(11,'2023-08-25 04:26:05',5400,'2023-08-25 04:26:05',24,109,3051),(12,'2023-08-25 04:26:05',0,'2023-08-25 04:26:05',27,27,3051),(13,'2023-08-25 04:26:05',-2500,'2023-08-25 04:26:05',27,107,3051),(14,'2023-08-25 04:26:05',5000,'2023-08-25 04:26:05',27,107,3051),(15,'2023-08-25 04:26:05',0,'2023-08-25 04:26:05',3,3,3052),(16,'2023-08-25 04:26:05',-3000,'2023-08-25 04:26:05',3,103,3052),(17,'2023-08-25 04:26:05',0,'2023-08-25 04:26:05',4,4,3052),(18,'2023-08-25 04:26:05',2200,'2023-08-25 04:26:05',4,104,3052),(19,'2023-08-25 04:26:05',0,'2023-08-25 04:26:05',11,11,3052),(20,'2023-08-25 04:26:05',4000,'2023-08-25 04:26:05',11,105,3052),(21,'2023-08-25 04:26:05',-2000,'2023-08-25 04:26:05',11,105,3052),(22,'2023-08-25 04:26:05',0,'2023-08-25 04:26:05',23,23,3052),(23,'2023-08-25 04:26:05',5000,'2023-08-25 04:26:05',23,120,3052),(24,'2023-08-25 04:26:05',0,'2023-08-25 04:26:05',24,24,3052),(25,'2023-08-25 04:26:05',5400,'2023-08-25 04:26:05',24,109,3052),(26,'2023-08-25 04:26:05',0,'2023-08-25 04:26:05',27,27,3052),(27,'2023-08-25 04:26:05',-2500,'2023-08-25 04:26:05',27,107,3052),(28,'2023-08-25 04:26:05',5000,'2023-08-25 04:26:05',27,107,3052),(29,'2023-08-25 04:26:05',0,'2023-08-25 04:26:05',3,3,3053),(30,'2023-08-25 04:26:05',-3000,'2023-08-25 04:26:05',3,103,3053),(31,'2023-08-25 04:26:05',0,'2023-08-25 04:26:05',4,4,3053),(32,'2023-08-25 04:26:05',2200,'2023-08-25 04:26:05',4,104,3053),(33,'2023-08-25 04:26:05',0,'2023-08-25 04:26:05',11,11,3053),(34,'2023-08-25 04:26:05',4000,'2023-08-25 04:26:05',11,105,3053),(35,'2023-08-25 04:26:05',-2000,'2023-08-25 04:26:05',11,105,3053),(36,'2023-08-25 04:26:05',0,'2023-08-25 04:26:05',23,23,3053),(37,'2023-08-25 04:26:05',5000,'2023-08-25 04:26:05',23,120,3053),(38,'2023-08-25 04:26:05',0,'2023-08-25 04:26:05',24,24,3053),(39,'2023-08-25 04:26:05',5400,'2023-08-25 04:26:05',24,109,3053),(40,'2023-08-25 04:26:05',0,'2023-08-25 04:26:05',27,27,3053),(41,'2023-08-25 04:26:05',-2500,'2023-08-25 04:26:05',27,107,3053),(42,'2023-08-25 04:26:05',5000,'2023-08-25 04:26:05',27,107,3053),(43,'2023-08-25 04:26:05',0,'2023-08-25 04:26:05',3,3,3054),(44,'2023-08-25 04:26:05',-3000,'2023-08-25 04:26:05',3,103,3054),(45,'2023-08-25 04:26:05',0,'2023-08-25 04:26:05',4,4,3054),(46,'2023-08-25 04:26:05',2200,'2023-08-25 04:26:05',4,104,3054),(47,'2023-08-25 04:26:05',0,'2023-08-25 04:26:05',11,11,3054),(48,'2023-08-25 04:26:05',4000,'2023-08-25 04:26:05',11,105,3054),(49,'2023-08-25 04:26:05',-2000,'2023-08-25 04:26:05',11,105,3054),(50,'2023-08-25 04:26:05',0,'2023-08-25 04:26:05',23,23,3054),(51,'2023-08-25 04:26:05',5000,'2023-08-25 04:26:05',23,120,3054),(52,'2023-08-25 04:26:05',0,'2023-08-25 04:26:05',24,24,3054),(53,'2023-08-25 04:26:05',5400,'2023-08-25 04:26:05',24,109,3054),(54,'2023-08-25 04:26:05',0,'2023-08-25 04:26:05',27,27,3054),(55,'2023-08-25 04:26:05',-2500,'2023-08-25 04:26:05',27,107,3054),(56,'2023-08-25 04:26:05',5000,'2023-08-25 04:26:05',27,107,3054),(57,'2023-08-25 04:26:05',0,'2023-08-25 04:26:05',3,3,3061),(58,'2023-08-25 04:26:05',-3000,'2023-08-25 04:26:05',3,103,3061),(59,'2023-08-25 04:26:05',0,'2023-08-25 04:26:05',4,4,3061),(60,'2023-08-25 04:26:05',2200,'2023-08-25 04:26:05',4,104,3061),(61,'2023-08-25 04:26:05',0,'2023-08-25 04:26:05',11,11,3061),(62,'2023-08-25 04:26:05',4000,'2023-08-25 04:26:05',11,105,3061),(63,'2023-08-25 04:26:05',-2000,'2023-08-25 04:26:05',11,105,3061),(64,'2023-08-25 04:26:05',0,'2023-08-25 04:26:05',23,23,3061),(65,'2023-08-25 04:26:05',5000,'2023-08-25 04:26:05',23,120,3061),(66,'2023-08-25 04:26:05',0,'2023-08-25 04:26:05',24,24,3061),(67,'2023-08-25 04:26:05',5400,'2023-08-25 04:26:05',24,109,3061),(68,'2023-08-25 04:26:05',0,'2023-08-25 04:26:05',27,27,3061),(69,'2023-08-25 04:26:05',-2500,'2023-08-25 04:26:05',27,107,3061),(70,'2023-08-25 04:26:05',5000,'2023-08-25 04:26:05',27,107,3061),(71,'2023-08-25 04:26:05',0,'2023-08-25 04:26:05',3,3,3062),(72,'2023-08-25 04:26:05',-3000,'2023-08-25 04:26:05',3,103,3062),(73,'2023-08-25 04:26:05',0,'2023-08-25 04:26:05',4,4,3062),(74,'2023-08-25 04:26:05',2200,'2023-08-25 04:26:05',4,104,3062),(75,'2023-08-25 04:26:05',0,'2023-08-25 04:26:05',11,11,3062),(76,'2023-08-25 04:26:05',4000,'2023-08-25 04:26:05',11,105,3062),(77,'2023-08-25 04:26:05',-2000,'2023-08-25 04:26:05',11,105,3062),(78,'2023-08-25 04:26:05',0,'2023-08-25 04:26:05',23,23,3062),(79,'2023-08-25 04:26:05',5000,'2023-08-25 04:26:05',23,120,3062),(80,'2023-08-25 04:26:05',0,'2023-08-25 04:26:05',24,24,3062),(81,'2023-08-25 04:26:05',5400,'2023-08-25 04:26:05',24,109,3062),(82,'2023-08-25 04:26:05',0,'2023-08-25 04:26:05',27,27,3062),(83,'2023-08-25 04:26:05',-2500,'2023-08-25 04:26:05',27,107,3062),(84,'2023-08-25 04:26:05',5000,'2023-08-25 04:26:05',27,335,3062),(85,'2023-08-25 04:26:05',500,'2023-08-25 04:26:05',24,109,1011),(86,'2023-08-25 04:26:05',-800,'2023-08-25 04:26:05',27,107,1011),(87,'2023-08-25 04:26:05',0,'2023-08-25 04:26:05',16,101,1012),(88,'2023-08-25 04:26:05',-3000,'2023-08-25 04:26:05',23,120,1012),(89,'2023-08-25 04:26:05',5400,'2023-08-25 04:26:05',27,335,1012),(90,'2023-08-25 04:26:05',3200,'2023-08-25 04:26:05',16,102,1013),(91,'2023-08-25 04:26:05',0,'2023-08-25 04:26:05',26,26,1013),(92,'2023-08-25 04:26:05',500,'2023-08-25 04:26:05',26,125,1013),(93,'2023-08-25 04:26:05',0,'2023-08-25 04:26:05',27,27,1014),(94,'2023-08-25 04:26:05',-3000,'2023-08-25 04:26:05',16,102,1014),(95,'2023-08-25 04:26:05',5400,'2023-08-25 04:26:05',23,120,1014),(96,'2023-08-25 04:26:05',0,'2023-08-25 04:26:05',27,27,1031),(97,'2023-08-25 04:26:05',-3000,'2023-08-25 04:26:05',23,120,1031),(98,'2023-08-25 04:26:05',5400,'2023-08-25 04:26:05',16,102,1031),(99,'2023-08-25 04:26:05',0,'2023-08-25 04:26:05',27,335,1032),(100,'2023-08-25 04:26:05',0,'2023-08-25 04:26:05',26,26,1032),(101,'2023-08-25 04:26:05',-3000,'2023-08-25 04:26:05',26,125,1032),(102,'2023-08-25 04:26:05',0,'2023-08-25 04:26:05',3,3,2021),(103,'2023-08-25 04:26:05',-3000,'2023-08-25 04:26:05',3,103,2021),(104,'2023-08-25 04:26:05',0,'2023-08-25 04:26:05',4,4,2021),(105,'2023-08-25 04:26:05',2200,'2023-08-25 04:26:05',4,104,2021),(106,'2023-08-25 04:26:05',0,'2023-08-25 04:26:05',11,11,2021),(107,'2023-08-25 04:26:05',4000,'2023-08-25 04:26:05',11,105,2021),(108,'2023-08-25 04:26:05',-2000,'2023-08-25 04:26:05',11,105,2021),(109,'2023-08-25 04:26:05',0,'2023-08-25 04:26:05',23,23,2021),(110,'2023-08-25 04:26:05',5000,'2023-08-25 04:26:05',23,120,2021),(111,'2023-08-25 04:26:05',0,'2023-08-25 04:26:05',24,24,2021),(112,'2023-08-25 04:26:05',5400,'2023-08-25 04:26:05',24,109,2021),(113,'2023-08-25 04:26:05',0,'2023-08-25 04:26:05',27,27,2021),(114,'2023-08-25 04:26:05',-2500,'2023-08-25 04:26:05',27,335,2021),(115,'2023-08-25 04:26:05',5000,'2023-08-25 04:26:05',27,335,2021),(116,'2023-08-25 04:26:05',0,'2023-08-25 04:26:05',3,3,2022),(117,'2023-08-25 04:26:05',-3000,'2023-08-25 04:26:05',3,103,2022),(118,'2023-08-25 04:26:05',0,'2023-08-25 04:26:05',4,4,2022),(119,'2023-08-25 04:26:05',2200,'2023-08-25 04:26:05',4,104,2022),(120,'2023-08-25 04:26:05',0,'2023-08-25 04:26:05',11,11,2022),(121,'2023-08-25 04:26:05',4000,'2023-08-25 04:26:05',11,105,2022),(122,'2023-08-25 04:26:05',-2000,'2023-08-25 04:26:05',11,105,2022),(123,'2023-08-25 04:26:05',0,'2023-08-25 04:26:05',23,23,2022),(124,'2023-08-25 04:26:05',5000,'2023-08-25 04:26:05',23,120,2022),(125,'2023-08-25 04:26:05',0,'2023-08-25 04:26:05',24,24,2022),(126,'2023-08-25 04:26:05',5400,'2023-08-25 04:26:05',24,109,2022),(127,'2023-08-25 04:26:05',0,'2023-08-25 04:26:05',27,27,2022),(128,'2023-08-25 04:26:05',-2500,'2023-08-25 04:26:05',27,335,2022),(129,'2023-08-25 04:26:05',5000,'2023-08-25 04:26:05',27,335,2022),(130,'2023-08-25 04:26:05',0,'2023-08-25 04:26:05',3,3,2023),(131,'2023-08-25 04:26:05',-3000,'2023-08-25 04:26:05',3,103,2023),(132,'2023-08-25 04:26:05',0,'2023-08-25 04:26:05',4,4,2023),(133,'2023-08-25 04:26:05',2200,'2023-08-25 04:26:05',4,104,2023),(134,'2023-08-25 04:26:05',0,'2023-08-25 04:26:05',11,11,2023),(135,'2023-08-25 04:26:05',4000,'2023-08-25 04:26:05',11,105,2023),(136,'2023-08-25 04:26:05',-2000,'2023-08-25 04:26:05',11,105,2023),(137,'2023-08-25 04:26:05',0,'2023-08-25 04:26:05',23,23,2023),(138,'2023-08-25 04:26:05',5000,'2023-08-25 04:26:05',23,120,2023),(139,'2023-08-25 04:26:05',0,'2023-08-25 04:26:05',24,24,2023),(140,'2023-08-25 04:26:05',5400,'2023-08-25 04:26:05',24,109,2023),(141,'2023-08-25 04:26:05',0,'2023-08-25 04:26:05',27,27,2023),(142,'2023-08-25 04:26:05',-2500,'2023-08-25 04:26:05',27,335,2023),(143,'2023-08-25 04:26:05',5000,'2023-08-25 04:26:05',27,335,2023),(144,'2023-08-25 04:26:05',0,'2023-08-25 04:26:05',3,3,2024),(145,'2023-08-25 04:26:05',-3000,'2023-08-25 04:26:05',3,103,2024),(146,'2023-08-25 04:26:05',0,'2023-08-25 04:26:05',4,4,2024),(147,'2023-08-25 04:26:05',2200,'2023-08-25 04:26:05',4,104,2024),(148,'2023-08-25 04:26:05',0,'2023-08-25 04:26:05',11,11,2024),(149,'2023-08-25 04:26:05',4000,'2023-08-25 04:26:05',11,105,2024),(150,'2023-08-25 04:26:05',-2000,'2023-08-25 04:26:05',11,105,2024),(151,'2023-08-25 04:26:05',0,'2023-08-25 04:26:05',23,23,2024),(152,'2023-08-25 04:26:05',5000,'2023-08-25 04:26:05',23,120,2024),(153,'2023-08-25 04:26:05',0,'2023-08-25 04:26:05',24,24,2024),(154,'2023-08-25 04:26:05',5400,'2023-08-25 04:26:05',24,109,2024),(155,'2023-08-25 04:26:05',0,'2023-08-25 04:26:05',27,27,2024),(156,'2023-08-25 04:26:05',-2500,'2023-08-25 04:26:05',27,335,2024),(157,'2023-08-25 04:26:05',5000,'2023-08-25 04:26:05',27,335,2024),(158,'2023-08-25 04:26:05',0,'2023-08-25 04:26:05',3,3,2025),(159,'2023-08-25 04:26:05',-3000,'2023-08-25 04:26:05',3,103,2025),(160,'2023-08-25 04:26:05',0,'2023-08-25 04:26:05',4,4,2025),(161,'2023-08-25 04:26:05',2200,'2023-08-25 04:26:05',4,104,2025),(162,'2023-08-25 04:26:05',0,'2023-08-25 04:26:05',11,11,2025),(163,'2023-08-25 04:26:05',4000,'2023-08-25 04:26:05',11,105,2025),(164,'2023-08-25 04:26:05',-2000,'2023-08-25 04:26:05',11,105,2025),(165,'2023-08-25 04:26:05',0,'2023-08-25 04:26:05',23,23,2025),(166,'2023-08-25 04:26:05',5000,'2023-08-25 04:26:05',23,120,2025),(167,'2023-08-25 04:26:05',0,'2023-08-25 04:26:05',24,24,2025),(168,'2023-08-25 04:26:05',5400,'2023-08-25 04:26:05',24,109,2025),(169,'2023-08-25 04:26:05',0,'2023-08-25 04:26:05',27,27,2025),(170,'2023-08-25 04:26:05',-2500,'2023-08-25 04:26:05',27,335,2025),(171,'2023-08-25 04:26:05',5000,'2023-08-25 04:26:05',27,335,2025),(172,'2023-08-25 04:26:05',0,'2023-08-25 04:26:05',16,16,1021),(173,'2023-08-25 04:26:05',-3000,'2023-08-25 04:26:05',16,101,1021),(174,'2023-08-25 04:26:05',5400,'2023-08-25 04:26:05',16,102,1021),(175,'2023-08-25 04:26:05',7000,'2023-08-25 04:26:05',21,21,1021),(176,'2023-08-25 04:26:05',-2000,'2023-08-25 04:26:05',21,108,1021),(177,'2023-08-25 04:26:05',4000,'2023-08-25 04:26:05',24,24,1021),(178,'2023-08-25 04:26:05',-1500,'2023-08-25 04:26:05',24,109,1021),(179,'2023-08-25 04:26:05',0,'2023-08-25 04:26:05',3,3,1022),(180,'2023-08-25 04:26:05',-2000,'2023-08-25 04:26:05',3,103,1022),(181,'2023-08-25 04:26:05',0,'2023-08-25 04:26:05',16,16,1023),(182,'2023-08-25 04:26:05',-1500,'2023-08-25 04:26:05',16,101,1023),(183,'2023-08-25 04:26:05',0,'2023-08-25 04:26:05',24,24,1024),(184,'2023-08-25 04:26:05',1500,'2023-08-25 04:26:05',24,109,1024),(185,'2023-08-25 04:26:05',0,'2023-08-25 04:26:05',21,21,1025),(186,'2023-08-25 04:26:05',2000,'2023-08-25 04:26:05',21,108,1025),(187,'2023-08-25 04:26:05',0,'2023-08-25 04:26:05',27,27,1026),(188,'2023-08-25 04:26:05',2000,'2023-08-25 04:26:05',27,107,1026),(189,'2023-08-25 04:26:05',3000,'2023-08-25 04:26:05',27,335,1026),(190,'2023-08-25 04:26:05',0,'2023-08-25 04:26:05',3,3,1027),(191,'2023-08-25 04:26:05',1500,'2023-08-25 04:26:05',3,103,1027),(192,'2023-08-25 04:26:05',0,'2023-08-25 04:26:05',4,4,1027),(193,'2023-08-25 04:26:05',4000,'2023-08-25 04:26:05',4,104,1027),(194,'2023-08-25 04:26:05',0,'2023-08-25 04:26:05',25,25,1028),(195,'2023-08-25 04:26:05',1000,'2023-08-25 04:26:05',25,110,1028),(196,'2023-08-25 04:26:05',0,'2023-08-25 04:26:05',18,18,1041),(197,'2023-08-25 04:26:05',2000,'2023-08-25 04:26:05',18,106,1041),(198,'2023-08-25 04:26:05',0,'2023-08-25 04:26:05',21,21,1042),(199,'2023-08-25 04:26:05',5000,'2023-08-25 04:26:05',21,108,1042),(200,'2023-08-25 04:26:05',0,'2023-08-25 04:26:05',3,3,3031),(201,'2023-08-25 04:26:05',-3000,'2023-08-25 04:26:05',3,103,3031),(202,'2023-08-25 04:26:05',0,'2023-08-25 04:26:05',11,11,3031),(203,'2023-08-25 04:26:05',2000,'2023-08-25 04:26:05',11,105,3031),(204,'2023-08-25 04:26:05',0,'2023-08-25 04:26:05',16,16,3031),(205,'2023-08-25 04:26:05',3500,'2023-08-25 04:26:05',16,101,3031),(206,'2023-08-25 04:26:05',-2000,'2023-08-25 04:26:05',16,102,3031),(207,'2023-08-25 04:26:05',0,'2023-08-25 04:26:05',3,3,3032),(208,'2023-08-25 04:26:05',1000,'2023-08-25 04:26:05',3,103,3032),(209,'2023-08-25 04:26:05',0,'2023-08-25 04:26:05',4,4,3032),(210,'2023-08-25 04:26:05',4000,'2023-08-25 04:26:05',4,104,3032),(211,'2023-08-25 04:26:05',0,'2023-08-25 04:26:05',27,27,3032),(212,'2023-08-25 04:26:05',-1500,'2023-08-25 04:26:05',27,335,3032),(213,'2023-08-25 04:26:05',1200,'2023-08-25 04:26:05',27,107,3032),(214,'2023-08-25 04:26:05',0,'2023-08-25 04:26:05',21,21,3033),(215,'2023-08-25 04:26:05',1500,'2023-08-25 04:26:05',21,108,3033),(216,'2023-08-25 04:26:05',0,'2023-08-25 04:26:05',24,24,3033),(217,'2023-08-25 04:26:05',2000,'2023-08-25 04:26:05',24,109,3033),(218,'2023-08-25 04:26:05',3000,'2023-08-25 04:26:05',25,25,3033),(219,'2023-08-25 04:26:05',1000,'2023-08-25 04:26:05',25,110,3033),(220,'2023-08-25 04:26:05',0,'2023-08-25 04:26:05',3,3,3034),(221,'2023-08-25 04:26:05',3400,'2023-08-25 04:26:05',3,103,3034),(222,'2023-08-25 04:26:05',0,'2023-08-25 04:26:05',16,16,3034),(223,'2023-08-25 04:26:05',2200,'2023-08-25 04:26:05',16,101,3034),(224,'2023-08-25 04:26:05',-1000,'2023-08-25 04:26:05',16,102,3034),(225,'2023-08-25 04:26:05',0,'2023-08-25 04:26:05',18,18,3034),(226,'2023-08-25 04:26:05',3400,'2023-08-25 04:26:05',18,106,3034),(227,'2023-08-25 04:26:05',0,'2023-08-25 04:26:05',3,3,3041),(228,'2023-08-25 04:26:05',-1000,'2023-08-25 04:26:05',3,103,3041),(229,'2023-08-25 04:26:05',0,'2023-08-25 04:26:05',4,4,3041),(230,'2023-08-25 04:26:05',3400,'2023-08-25 04:26:05',4,104,3041),(231,'2023-08-25 04:26:05',0,'2023-08-25 04:26:05',16,16,3041),(232,'2023-08-25 04:26:05',2200,'2023-08-25 04:26:05',16,101,3041),(233,'2023-08-25 04:26:05',1000,'2023-08-25 04:26:05',16,102,3041),(234,'2023-08-25 04:26:05',0,'2023-08-25 04:26:05',4,4,3042),(235,'2023-08-25 04:26:05',1000,'2023-08-25 04:26:05',4,104,3042),(236,'2023-08-25 04:26:05',0,'2023-08-25 04:26:05',16,16,3042),(237,'2023-08-25 04:26:05',-1200,'2023-08-25 04:26:05',16,101,3042),(238,'2023-08-25 04:26:05',1200,'2023-08-25 04:26:05',16,102,3042),(239,'2023-08-25 04:26:05',0,'2023-08-25 04:26:05',21,21,3042),(240,'2023-08-25 04:26:05',-1000,'2023-08-25 04:26:05',21,108,3042),(241,'2023-08-25 04:26:05',0,'2023-08-25 04:26:05',11,11,3043),(242,'2023-08-25 04:26:05',5000,'2023-08-25 04:26:05',11,105,3043),(243,'2023-08-25 04:26:05',0,'2023-08-25 04:26:05',16,16,3043),(244,'2023-08-25 04:26:05',3000,'2023-08-25 04:26:05',16,101,3043),(245,'2023-08-25 04:26:05',1500,'2023-08-25 04:26:05',16,102,3043),(246,'2023-08-25 04:26:05',0,'2023-08-25 04:26:05',25,25,3043),(247,'2023-08-25 04:26:05',-1200,'2023-08-25 04:26:05',25,110,3043),(248,'2023-08-25 04:26:05',0,'2023-08-25 04:26:05',3,3,3044),(249,'2023-08-25 04:26:05',1000,'2023-08-25 04:26:05',3,103,3044),(250,'2023-08-25 04:26:05',0,'2023-08-25 04:26:05',21,21,3044),(251,'2023-08-25 04:26:05',1000,'2023-08-25 04:26:05',21,108,3044),(252,'2023-08-25 04:26:05',0,'2023-08-25 04:26:05',25,25,3044),(253,'2023-08-25 04:26:05',3000,'2023-08-25 04:26:05',25,110,3044),(254,'2023-08-25 04:26:05',0,'2023-08-25 04:26:05',16,16,2011),(255,'2023-08-25 04:26:05',3000,'2023-08-25 04:26:05',16,101,2011),(256,'2023-08-25 04:26:05',2000,'2023-08-25 04:26:05',16,102,2011),(257,'2023-08-25 04:26:05',0,'2023-08-25 04:26:05',21,21,2011),(258,'2023-08-25 04:26:05',-1500,'2023-08-25 04:26:05',21,108,2011),(259,'2023-08-25 04:26:05',0,'2023-08-25 04:26:05',24,24,2011),(260,'2023-08-25 04:26:05',1000,'2023-08-25 04:26:05',24,109,2011),(261,'2023-08-25 04:26:05',0,'2023-08-25 04:26:05',27,27,2011),(262,'2023-08-25 04:26:05',-1500,'2023-08-25 04:26:05',27,107,2011),(263,'2023-08-25 04:26:05',0,'2023-08-25 04:26:05',11,11,2012),(264,'2023-08-25 04:26:05',1500,'2023-08-25 04:26:05',11,105,2012),(265,'2023-08-25 04:26:05',0,'2023-08-25 04:26:05',18,18,2012),(266,'2023-08-25 04:26:05',2000,'2023-08-25 04:26:05',18,106,2012),(267,'2023-08-25 04:26:05',0,'2023-08-25 04:26:05',3,3,2013),(268,'2023-08-25 04:26:05',-3000,'2023-08-25 04:26:05',3,103,2013),(269,'2023-08-25 04:26:05',0,'2023-08-25 04:26:05',4,4,2013),(270,'2023-08-25 04:26:05',2000,'2023-08-25 04:26:05',4,104,2013),(271,'2023-08-25 04:26:05',0,'2023-08-25 04:26:05',18,18,2014),(272,'2023-08-25 04:26:05',5000,'2023-08-25 04:26:05',18,106,2014),(273,'2023-08-25 04:26:05',0,'2023-08-25 04:26:05',25,25,2014),(274,'2023-08-25 04:26:05',1000,'2023-08-25 04:26:05',25,110,2014),(275,'2023-08-25 04:26:05',0,'2023-08-25 04:26:05',21,21,2015),(276,'2023-08-25 04:26:05',2500,'2023-08-25 04:26:05',21,108,2015),(277,'2023-08-25 04:26:05',0,'2023-08-25 04:26:05',24,24,2015),(278,'2023-08-25 04:26:05',3000,'2023-08-25 04:26:05',24,109,2015),(279,'2023-08-25 04:26:05',0,'2023-08-25 04:26:05',4,4,2016),(280,'2023-08-25 04:26:05',1000,'2023-08-25 04:26:05',4,104,2016),(281,'2023-08-25 04:26:05',0,'2023-08-25 04:26:05',25,25,2016),(282,'2023-08-25 04:26:05',-2000,'2023-08-25 04:26:05',25,110,2016),(283,'2023-08-25 04:26:05',0,'2023-08-25 04:26:05',11,11,2031),(284,'2023-08-25 04:26:05',3000,'2023-08-25 04:26:05',11,105,2031),(285,'2023-08-25 04:26:05',0,'2023-08-25 04:26:05',18,18,2031),(286,'2023-08-25 04:26:05',2000,'2023-08-25 04:26:05',18,106,2031),(287,'2023-08-25 04:26:05',0,'2023-08-25 04:26:05',16,16,2032),(288,'2023-08-25 04:26:05',1000,'2023-08-25 04:26:05',16,101,2032),(289,'2023-08-25 04:26:05',0,'2023-08-25 04:26:05',21,21,2032),(290,'2023-08-25 04:26:05',2300,'2023-08-25 04:26:05',21,108,2032),(291,'2023-08-25 04:26:05',0,'2023-08-25 04:26:05',4,4,2033),(292,'2023-08-25 04:26:05',2500,'2023-08-25 04:26:05',4,104,2033),(293,'2023-08-25 04:26:05',0,'2023-08-25 04:26:05',25,25,2033),(294,'2023-08-25 04:26:05',4000,'2023-08-25 04:26:05',25,110,2033),(295,'2023-08-25 04:26:05',0,'2023-08-25 04:26:05',11,11,2034),(296,'2023-08-25 04:26:05',2000,'2023-08-25 04:26:05',11,105,2034),(297,'2023-08-25 04:26:05',0,'2023-08-25 04:26:05',18,18,2034),(298,'2023-08-25 04:26:05',-1200,'2023-08-25 04:26:05',18,106,2034),(299,'2023-08-25 04:26:05',0,'2023-08-25 04:26:05',4,4,2035),(300,'2023-08-25 04:26:05',-1500,'2023-08-25 04:26:05',4,104,2035),(301,'2023-08-25 04:26:05',0,'2023-08-25 04:26:05',16,16,2035),(302,'2023-08-25 04:26:05',1200,'2023-08-25 04:26:05',16,101,2035),(303,'2023-08-25 04:26:05',1800,'2023-08-25 04:26:05',16,102,2035),(304,'2023-08-25 04:26:05',0,'2023-08-25 04:26:05',3,3,2036),(305,'2023-08-25 04:26:05',2000,'2023-08-25 04:26:05',3,103,2036),(306,'2023-08-25 04:26:05',0,'2023-08-25 04:26:05',27,27,2036),(307,'2023-08-25 04:26:05',-3000,'2023-08-25 04:26:05',27,107,2036),(308,'2023-08-25 04:26:05',-4000,'2023-08-25 04:26:05',27,335,2036),(309,'2023-08-25 04:26:05',0,'2023-08-25 04:26:05',16,16,3011),(310,'2023-08-25 04:26:05',-3000,'2023-08-25 04:26:05',16,101,3011),(311,'2023-08-25 04:26:05',0,'2023-08-25 04:26:05',27,27,3011),(312,'2023-08-25 04:26:05',7000,'2023-08-25 04:26:05',27,107,3011),(313,'2023-08-25 04:26:05',0,'2023-08-25 04:26:05',11,11,3012),(314,'2023-08-25 04:26:05',-5000,'2023-08-25 04:26:05',11,105,3012),(315,'2023-08-25 04:26:05',0,'2023-08-25 04:26:05',16,16,3012),(316,'2023-08-25 04:26:05',-5000,'2023-08-25 04:26:05',16,101,3012),(317,'2023-08-25 04:26:05',0,'2023-08-25 04:26:05',24,24,3021),(318,'2023-08-25 04:26:05',-7000,'2023-08-25 04:26:05',24,109,3021),(319,'2023-08-25 04:26:05',0,'2023-08-25 04:26:05',25,25,3021),(320,'2023-08-25 04:26:05',6000,'2023-08-25 04:26:05',25,110,3021),(321,'2023-08-25 04:26:05',0,'2023-08-25 04:26:05',21,21,3022),(322,'2023-08-25 04:26:05',6000,'2023-08-25 04:26:05',21,108,3022),(323,'2023-08-25 04:26:05',0,'2023-08-25 04:26:05',25,25,3022),(324,'2023-08-25 04:26:05',7000,'2023-08-25 04:26:05',25,110,3022),(325,'2023-08-25 04:26:05',0,'2023-08-25 04:26:05',3,3,4061),(326,'2023-08-25 04:26:05',-3000,'2023-08-25 04:26:05',3,103,4061),(327,'2023-08-25 04:26:05',0,'2023-08-25 04:26:05',4,4,4061),(328,'2023-08-25 04:26:05',2600,'2023-08-25 04:26:05',4,104,4061),(329,'2023-08-25 04:26:05',0,'2023-08-25 04:26:05',32,32,4061),(330,'2023-08-25 04:26:05',2400,'2023-08-25 04:26:05',32,109,4061),(331,'2023-08-25 04:26:05',0,'2023-08-25 04:26:05',33,33,4061),(332,'2023-08-25 04:26:05',-4300,'2023-08-25 04:26:05',33,45,4061),(333,'2023-08-25 04:26:05',0,'2023-08-25 04:26:05',11,11,4061),(334,'2023-08-25 04:26:05',3200,'2023-08-25 04:26:05',11,105,4061),(335,'2023-08-25 04:26:05',0,'2023-08-25 04:26:05',3,3,4062),(336,'2023-08-25 04:26:05',5400,'2023-08-25 04:26:05',3,103,4062),(337,'2023-08-25 04:26:05',0,'2023-08-25 04:26:05',4,4,4062),(338,'2023-08-25 04:26:05',-5200,'2023-08-25 04:26:05',4,104,4062),(339,'2023-08-25 04:26:05',0,'2023-08-25 04:26:05',11,11,4062),(340,'2023-08-25 04:26:05',3200,'2023-08-25 04:26:05',11,105,4062),(341,'2023-08-25 04:26:05',0,'2023-08-25 04:26:05',44,44,4062),(342,'2023-08-25 04:26:05',4600,'2023-08-25 04:26:05',44,45,4062),(343,'2023-08-25 04:26:05',0,'2023-08-25 04:26:05',3,3,4063),(344,'2023-08-25 04:26:05',-3600,'2023-08-25 04:26:05',3,103,4063),(345,'2023-08-25 04:26:05',0,'2023-08-25 04:26:05',4,4,4063),(346,'2023-08-25 04:26:05',4500,'2023-08-25 04:26:05',4,104,4063),(347,'2023-08-25 04:26:05',0,'2023-08-25 04:26:05',11,11,4063),(348,'2023-08-25 04:26:05',3600,'2023-08-25 04:26:05',11,105,4063);
/*!40000 ALTER TABLE `alternate_components` ENABLE KEYS */;
UNLOCK TABLES;

--
-- Table structure for table `components`
--

DROP TABLE IF EXISTS `components`;
/*!40101 SET @saved_cs_client     = @@character_set_client */;
/*!50503 SET character_set_client = utf8mb4 */;
CREATE TABLE `components` (
  `id` bigint NOT NULL AUTO_INCREMENT,
  `comp_name` varchar(255) NOT NULL,
  PRIMARY KEY (`id`)
) ENGINE=InnoDB AUTO_INCREMENT=336 DEFAULT CHARSET=utf8mb4 COLLATE=utf8mb4_0900_ai_ci;
/*!40101 SET character_set_client = @saved_cs_client */;

--
-- Dumping data for table `components`
--

LOCK TABLES `components` WRITE;
/*!40000 ALTER TABLE `components` DISABLE KEYS */;
INSERT INTO `components` VALUES (1,'296.36bhp@4000rpm, 650nm@1500-2500rpm, 2.4-liter, 16-Valve, DOHC, i-VTEC®, 4-Cylinder Engine'),(2,'5-Speed Manual Transmission'),(3,'Double Wishbone Front Suspension'),(4,'Independent Multi-Link Rear Suspension'),(5,'Front and Rear Stabilizer Bars'),(6,'Variable Gear Ratio (VGR) Power-Assisted Rack-and-Pinion Steering'),(7,'3-Point rear Seat Belts'),(8,'Front 3-Point Seat Belts with Automatic Tensioning System'),(9,'Dual-Stage, Dual Threshold Front Airbags (SRS)'),(10,'Advanced Compatibility Engineering™ (ACE™) body structure'),(11,'Four-wheel Disc Brakes'),(12,'Anti-Lock Braking System (ABS)'),(13,'Lower Anchors and Tethers for Children (LATCH)'),(14,'Child-Seat Tether Anchor (Rear-Center)'),(15,'Emergency Trunk Opener'),(16,'Blue star Air Conditioning with Air Filtration System'),(17,'Power Windows with Auto-Up/Down Drivers and Front paxs windows'),(18,'Power Door Locks'),(19,'Cruise Control'),(20,'Drivers Seat With 4Way Power Adjustment'),(21,'JBC 160-Watt AM/FM/CD Audio System with 2 speakers'),(22,'Tilt and Telescopic Steering Column'),(23,'16-inch Wheels'),(24,'Flat Blade Windshield Wipers'),(25,'Security System'),(26,'White body colour'),(27,'Black colour bumper'),(28,'2997-hp, 3.4-liter, 16-Valve, DOHC, i-VTEC®, 8-Cylinder Engine'),(29,'Adjustable Headlights'),(30,'Fog Lights '),(31,'Electric Folding Rear View Mirror'),(32,'Rain Sensing Wiper'),(33,'Sun Roof'),(34,'Roof Rail'),(35,'Dual Tone Body Colour'),(36,'Tachometer'),(37,'Leather Seats'),(38,'Leather Steering Wheel'),(39,'Digital Clock'),(40,'Dual Tone Dashboard'),(41,'Premium LED headlights with signature Daytime Running Lights with Front and Rear Animated Directional Indicators'),(42,'Auto High Beam Assist (AHBA)'),(43,'Heated, electric, power fold door mirrors with approach lights and auto-dimming driver side'),(44,'Black contrast roof'),(45,'Fixed panoramic roof'),(46,'Full leather steering wheel'),(47,'Premium Cabin Lighting'),(48,'Satin Chrome gearshift paddles'),(49,'Electrically adjustable steering colum'),(101,'voltas Air Conditioning with Air Filtration System'),(102,'Daikin Air Conditioning with Air Filtration System'),(103,'Independent Lower Wishbone McPherson Strut with Coil Spring'),(104,'Semi-independent Closed Profile Twist Beam with Dual Path Strut'),(105,'two wheel Disc Two wheel drum break'),(106,'Central locking System'),(107,'Chrome Plating Bumper'),(108,'Harman 120 -watt Music and Dual Audio Video system'),(109,'Flat U type windsheild wiper'),(110,'Theft Alarm System'),(111,'1199 cc 84.82-hp, 1.2-liter, 12-Valve, BS VI, 3-Cylinder Engine'),(112,'1999 cc 149.92-hp, 2.0 -liter, 16-Valve, BS VI, 4-Cylinder Engine'),(113,'1497 cc 88.77-hp, 1.5-liter, 16-Valve, BS VI, 4-Cylinder Engine'),(114,'Rear Camera, 360 View Camera'),(115,'Front & Rear Seat Arm Rest'),(116,'Navigation System'),(117,'Ventilated Seats'),(118,'Fog Lights-Front'),(119,'Rear Window Defogger'),(120,'Alloy Wheels'),(121,'LED DRL'),(122,'Hill Assist, Hill Descent Control'),(123,'Internet, Bluetooth, Wifi Connectivity'),(124,'Green Star Air Conditioning with Air Filter'),(125,'Black Body Colour'),(126,'Carbon Wheels With Aluminium Alloy Rim'),(127,'Black Body Colour'),(128,'Green Star Air Conditioning with Air Filter'),(129,'Dual airbags'),(130,'Seat belt reminders (driver and co-driver)'),(131,'Front seatbelt pre-tensioners'),(132,'Electric adjust wing mirrors'),(133,'Day night rear view mirror'),(134,'Split folding rear seat'),(135,'Speed sensing door lock'),(136,'Impact sensing door unlock'),(137,'88-hp, 1.2-liter, 16-Valve, DOHC, 4-Cylinder Engine'),(138,'88-hp, 1.2-liter, 16-Valve, DOHC, 4-Cylinder Engine'),(139,'103-hp, 1.5-liter, 16-Valve, DOHC, 4-Cylinder Engine'),(140,'72bhp@6000rpm, 1.2-liter, 4+ Valves, 3-Cylinder Engine'),(141,'63.0 kW, 1.2-liter, 4+ valves, 3-Cylinder Engine'),(142,'84.82bhp@6000rpm, 1.2-liter, 4+ Valves, 3-Cylinder Engine'),(143,'56-60 kw, 1.2 -liter, 4+Valve, 3-Cylinder Engine'),(144,'81.8bhp, 1.2-liter, 1-Valve, 4-Cylinder Engine'),(145,'51- 74kW, 1.0-liter, 1-Valve, 3-Cylinder Engine'),(335,'Metalic Gray body colour Bumper');
/*!40000 ALTER TABLE `components` ENABLE KEYS */;
UNLOCK TABLES;

--
-- Table structure for table `invoices`
--

DROP TABLE IF EXISTS `invoices`;
/*!40101 SET @saved_cs_client     = @@character_set_client */;
/*!50503 SET character_set_client = utf8mb4 */;
CREATE TABLE `invoices` (
  `id` int NOT NULL AUTO_INCREMENT,
  `alt_comp_id` int NOT NULL,
  `model_id` int NOT NULL,
  `ordered_qty` int NOT NULL,
  `user_id` int NOT NULL,
  PRIMARY KEY (`id`)
) ENGINE=InnoDB AUTO_INCREMENT=16 DEFAULT CHARSET=utf8mb4 COLLATE=utf8mb4_0900_ai_ci;
/*!40101 SET character_set_client = @saved_cs_client */;

--
-- Dumping data for table `invoices`
--

LOCK TABLES `invoices` WRITE;
/*!40000 ALTER TABLE `invoices` DISABLE KEYS */;
INSERT INTO `invoices` VALUES (1,21,1021,10,1),(2,24,1011,6,1),(3,27,1011,6,1),(4,27,1011,6,1),(5,24,1011,6,1),(6,27,1011,6,1),(7,24,1011,6,1),(8,24,1011,6,1),(9,27,1011,6,1),(10,24,1011,6,1),(11,27,1011,6,1),(12,3,1027,6,1),(13,4,1027,6,1),(14,0,1012,6,1),(15,0,1012,6,1);
/*!40000 ALTER TABLE `invoices` ENABLE KEYS */;
UNLOCK TABLES;

--
-- Table structure for table `manufacturers`
--

DROP TABLE IF EXISTS `manufacturers`;
/*!40101 SET @saved_cs_client     = @@character_set_client */;
/*!50503 SET character_set_client = utf8mb4 */;
CREATE TABLE `manufacturers` (
  `id` bigint NOT NULL AUTO_INCREMENT,
  `created_at` timestamp NOT NULL DEFAULT CURRENT_TIMESTAMP,
  `manu_name` varchar(255) NOT NULL,
  `updated_at` timestamp NOT NULL DEFAULT CURRENT_TIMESTAMP ON UPDATE CURRENT_TIMESTAMP,
  `seg_id` bigint NOT NULL,
  PRIMARY KEY (`id`),
  KEY `FKvt86n4h6jurg9ofnq26txaw7` (`seg_id`),
  CONSTRAINT `FKvt86n4h6jurg9ofnq26txaw7` FOREIGN KEY (`seg_id`) REFERENCES `segments` (`id`) ON DELETE CASCADE
) ENGINE=InnoDB AUTO_INCREMENT=25 DEFAULT CHARSET=utf8mb4 COLLATE=utf8mb4_0900_ai_ci;
/*!40101 SET character_set_client = @saved_cs_client */;

--
-- Dumping data for table `manufacturers`
--

LOCK TABLES `manufacturers` WRITE;
/*!40000 ALTER TABLE `manufacturers` DISABLE KEYS */;
INSERT INTO `manufacturers` VALUES (1,'2023-08-25 04:22:44','Tata','2023-08-25 04:22:44',10),(2,'2023-08-25 04:22:44','Maruti','2023-08-25 04:22:44',10),(3,'2023-08-25 04:22:44','Hundai','2023-08-25 04:22:44',10),(4,'2023-08-25 04:22:44','Mahindra','2023-08-25 04:22:44',10),(5,'2023-08-25 04:22:44','mercedes ','2023-08-25 04:22:44',10),(6,'2023-08-25 04:22:44','land rover','2023-08-25 04:22:44',10),(7,'2023-08-25 04:22:44','Tata','2023-08-25 04:22:44',20),(8,'2023-08-25 04:22:44','Maruti','2023-08-25 04:22:44',20),(9,'2023-08-25 04:22:44','Hundai','2023-08-25 04:22:44',20),(10,'2023-08-25 04:22:44','Mahindra','2023-08-25 04:22:44',20),(11,'2023-08-25 04:22:44','mercedes ','2023-08-25 04:22:44',20),(12,'2023-08-25 04:22:44','land rover','2023-08-25 04:22:44',20),(13,'2023-08-25 04:22:44','Tata','2023-08-25 04:22:44',30),(14,'2023-08-25 04:22:44','Maruti','2023-08-25 04:22:44',30),(15,'2023-08-25 04:22:44','Hundai','2023-08-25 04:22:44',30),(16,'2023-08-25 04:22:44','Mahindra','2023-08-25 04:22:44',30),(17,'2023-08-25 04:22:44','mercedes ','2023-08-25 04:22:44',30),(18,'2023-08-25 04:22:44','land rover','2023-08-25 04:22:44',30),(19,'2023-08-25 04:22:44','Tata','2023-08-25 04:22:44',40),(20,'2023-08-25 04:22:44','Maruti','2023-08-25 04:22:44',40),(21,'2023-08-25 04:22:44','Hundai','2023-08-25 04:22:44',40),(22,'2023-08-25 04:22:44','Mahindra','2023-08-25 04:22:44',40),(23,'2023-08-25 04:22:44','mercedes ','2023-08-25 04:22:44',40),(24,'2023-08-25 04:22:44','land rover','2023-08-25 04:22:44',40);
/*!40000 ALTER TABLE `manufacturers` ENABLE KEYS */;
UNLOCK TABLES;

--
-- Table structure for table `models`
--

DROP TABLE IF EXISTS `models`;
/*!40101 SET @saved_cs_client     = @@character_set_client */;
/*!50503 SET character_set_client = utf8mb4 */;
CREATE TABLE `models` (
  `id` bigint NOT NULL AUTO_INCREMENT,
  `created_at` timestamp NOT NULL DEFAULT CURRENT_TIMESTAMP,
  `image_path` varchar(255) NOT NULL,
  `min_qty` int DEFAULT NULL,
  `mod_name` varchar(255) NOT NULL,
  `price` int NOT NULL,
  `safety_rating` int DEFAULT '5',
  `updated_at` timestamp NOT NULL DEFAULT CURRENT_TIMESTAMP ON UPDATE CURRENT_TIMESTAMP,
  `manu_id` bigint NOT NULL,
  `seg_id` bigint NOT NULL,
  PRIMARY KEY (`id`),
  KEY `FKr7t3perk8n5abjcuk8j3kn9ko` (`manu_id`),
  KEY `FKeoehxbf066gnexos8p4o9fn5e` (`seg_id`),
  CONSTRAINT `FKeoehxbf066gnexos8p4o9fn5e` FOREIGN KEY (`seg_id`) REFERENCES `segments` (`id`) ON DELETE CASCADE,
  CONSTRAINT `FKr7t3perk8n5abjcuk8j3kn9ko` FOREIGN KEY (`manu_id`) REFERENCES `manufacturers` (`id`) ON DELETE CASCADE
) ENGINE=InnoDB AUTO_INCREMENT=4064 DEFAULT CHARSET=utf8mb4 COLLATE=utf8mb4_0900_ai_ci;
/*!40101 SET character_set_client = @saved_cs_client */;

--
-- Dumping data for table `models`
--

LOCK TABLES `models` WRITE;
/*!40000 ALTER TABLE `models` DISABLE KEYS */;
INSERT INTO `models` VALUES (1011,'2023-08-25 04:23:04','public/images/Compact_Tata_Tiago-XE.jpg',6,'TATA Tiago XE',869000,5,'2023-08-25 04:23:04',1,10),(1012,'2023-08-25 04:23:04','public/images/Compact_Tata_Tiago-XM.jpeg',6,'TATA TIAGO XM',669000,5,'2023-08-25 04:23:04',1,10),(1013,'2023-08-25 04:23:04','public/images/Compact_Tata_Tiago-XZ.jpeg',6,'TATA TIAGO XZ',639000,5,'2023-08-25 04:23:04',1,10),(1014,'2023-08-25 04:23:04','public/images/Compact_Tata_Tiago-XT.jpg',6,'TATA TIAGO XT',929000,5,'2023-08-25 04:23:04',1,10),(1021,'2023-08-25 04:23:04','public/images/Compact_Maruti-Suzuki_Celerio-Lxi.jpg',6,'Celerio-Lxi',535000,5,'2023-08-25 04:23:04',2,10),(1022,'2023-08-25 04:23:04','public/images/Compact_Maruti Suzuki_Celerio-Vxi.jpg',6,'Celerio-Vxi',582000,5,'2023-08-25 04:23:04',2,10),(1023,'2023-08-25 04:23:04','public/images/Compact_Maruti Suzuki_Celerio-Zxi.jpg',6,'Celerio-Zxi',610000,5,'2023-08-25 04:23:04',2,10),(1024,'2023-08-25 04:23:04','public/images/Compact_Maruti_Swift-LXI.jpg',6,'Swift LXI',600000,5,'2023-08-25 04:23:04',2,10),(1025,'2023-08-25 04:23:04','public/images/Compact_Maruti_Swift-VXI.png',6,'Swift VXI',690000,5,'2023-08-25 04:23:04',2,10),(1026,'2023-08-25 04:23:04','public/images/Compact_Maruti_Swift-ZXI.jpg',6,'Swift ZXI',758000,5,'2023-08-25 04:23:04',2,10),(1027,'2023-08-25 04:23:04','public/images/Compact_Maruti-Suzuki_Baleno-Delta.png',6,'BALENO DELTA CNG 1.2L 5MT',830000,5,'2023-08-25 04:23:04',2,10),(1028,'2023-08-25 04:23:04','public/images/Compact_Maruti-Suzuki_Baleno-Zeta.jpeg',6,'BALENO ZETA CNG 1.2L 5MT',930000,5,'2023-08-25 04:23:04',2,10),(1031,'2023-08-25 04:23:04','public/images/Compact_Hyundai_i20.jpg',6,'Hyundai i20',719000,5,'2023-08-25 04:23:04',3,10),(1032,'2023-08-25 04:23:04','public/images/Compact_Hyundai_Grand-i10-Nios.png',6,'Hyundai Grand i10 NIOS',568000,5,'2023-08-25 04:23:04',3,10),(1041,'2023-08-25 04:23:04','public/images/Compact_Mahindra_KUV-100-Nxt.jpg',6,'kuv 100 Nxt',733000,5,'2023-08-25 04:23:04',4,10),(1042,'2023-08-25 04:23:04','public/images/Compact_Mahindra_TUV-300.jpg',6,'TUV 300',854000,5,'2023-08-25 04:23:04',4,10),(2011,'2023-08-25 04:23:04','public/images/Sedan_Tata_Tigor XE.jpg',5,'TigorXE',620000,5,'2023-08-25 04:23:04',7,20),(2012,'2023-08-25 04:23:04','public/images/Sedan_Tata_Tigor XM.jpg',5,'TigorXM',670000,5,'2023-08-25 04:23:04',7,20),(2013,'2023-08-25 04:23:04','public/images/SedaN_Tata_Tigor XZ.jpg',5,'TigorXZ',710000,5,'2023-08-25 04:23:04',7,20),(2014,'2023-08-25 04:23:04','public/images/Sedan_Tata_Altroz XE.jpg',5,'AltrozXE',645000,5,'2023-08-25 04:23:04',7,20),(2015,'2023-08-25 04:23:04','public/images/Sedan_Tata_Altroz XE plus.jpg',5,'AltrozXEPlus',665000,5,'2023-08-25 04:23:04',7,20),(2016,'2023-08-25 04:23:04','public/images/Sedan_Tata_Altroz XM plus.jpeg',5,'AltrozXMPlus',740000,5,'2023-08-25 04:23:04',7,20),(2021,'2023-08-25 04:23:04','public/images/Sedan_Maruti_Swift Dezire VXI.jpg',5,'SwiftDzireVxi',670000,5,'2023-08-25 04:23:04',8,20),(2022,'2023-08-25 04:23:04','public/images/Sedan_Maruti_Swift Dezire ZXI.jpg',5,'SwiftDzireZxi',710000,5,'2023-08-25 04:23:04',8,20),(2023,'2023-08-25 04:23:04','public/images/Sedan_Maruti_Tour-S.jpg',5,'TourS',700000,5,'2023-08-25 04:23:04',8,20),(2024,'2023-08-25 04:23:04','public/images/Sedan_Maruti Suzuki_Ciaz Alpha.jpg',5,'CiazAlpha',1200000,5,'2023-08-25 04:23:04',8,20),(2025,'2023-08-25 04:23:04','public/images/Sedan_Maruti-Suzuki_Ciaz Zeta.jpg',5,'CiazZeta',1000000,5,'2023-08-25 04:23:04',8,20),(2031,'2023-08-25 04:23:04','public/images/Sedan_Hyundai_Verna E.jpg',5,'VernaE',964000,5,'2023-08-25 04:23:04',9,20),(2032,'2023-08-25 04:23:04','public/images/Sedan_Hyundai_Verna S plus.jpg',5,'VernaSPlus',104000,5,'2023-08-25 04:23:04',9,20),(2033,'2023-08-25 04:23:04','public/images/Sedan_Hyundai_Aura E.jpg',5,'AuraE',750000,5,'2023-08-25 04:23:04',9,20),(2034,'2023-08-25 04:23:04','public/images/Sedan_Hyundai_Aura S.jpg',5,'AuraS',890000,5,'2023-08-25 04:23:04',9,20),(2035,'2023-08-25 04:23:04','public/images/Sedan_Hyundai_Elantra VTVT S.jpg',5,'Elantra VTVT S',1500000,5,'2023-08-25 04:23:04',9,20),(2036,'2023-08-25 04:23:04','public/images/Sedan_Hyundai_Elantra VTVT SX.jpg',5,'Elantra VTVT SX',1700000,5,'2023-08-25 04:23:04',9,20),(3011,'2023-08-25 04:23:04','public/images/SUV_Tata_Harrier.jpg',3,'Tata-Harrier',1500000,5,'2023-08-25 04:23:04',13,30),(3012,'2023-08-25 04:23:04','public/images/SUV_Tata_Nexon.jpg',3,'Tata-Nexon',800000,5,'2023-08-25 04:23:04',13,30),(3021,'2023-08-25 04:23:04','public/images/SUV_Maruti_Breeeza.jpg',3,'Maruti Brezza',1100000,5,'2023-08-25 04:23:04',14,30),(3022,'2023-08-25 04:23:04','public/images/SUV_Maruti_Grand Vitara Sigma.jpg',3,'Maruti Grand Vitara Sigma',1300000,5,'2023-08-25 04:23:04',14,30),(3031,'2023-08-25 04:23:04','public/images/SUV_Hyundai_Creta.jpg',3,'Creta',1200000,5,'2023-08-25 04:23:04',15,30),(3032,'2023-08-25 04:23:04','public/images/SUV_Hyundai_Venue.jpg',3,'Venue',900000,5,'2023-08-25 04:23:04',15,30),(3033,'2023-08-25 04:23:04','public/images/SUV_Hyundai_Tucson.jpg',3,'Tucson',3000000,5,'2023-08-25 04:23:04',15,30),(3034,'2023-08-25 04:23:04','public/images/SUV_Hyundai_Alcazar.jpg',3,'Alcazar',1800000,5,'2023-08-25 04:23:04',15,30),(3041,'2023-08-25 04:23:04','public/images/SUV_Hyundai_Alcazar.jpg',3,'Alcazar',1800000,5,'2023-08-25 04:23:04',15,30),(3042,'2023-08-25 04:23:04','public/images/SUV_Mahindra_Scorpio.jpeg',3,'Scorpio-N',1400000,5,'2023-08-25 04:23:04',16,30),(3043,'2023-08-25 04:23:04','public/images/SUV_Mahindra_Thar.jpg',3,'Thar',1200000,5,'2023-08-25 04:23:04',16,30),(3044,'2023-08-25 04:23:04','public/images/SUV_Mahindra_Bolero.jpg',3,'Bolero',1000000,5,'2023-08-25 04:23:04',16,30),(3051,'2023-08-25 04:23:04','public/images/SUV_Mercedes_Benz-GLE.jpg',3,'Mercedes-Benz GLE',6800000,5,'2023-08-25 04:23:04',17,30),(3052,'2023-08-25 04:23:04','public/images/SUV_Mercedes_Benz-GLS.jpg',3,'Mercedes-Benz GLS',6500000,5,'2023-08-25 04:23:04',17,30),(3053,'2023-08-25 04:23:04','public/images/SUV_Mercedes_amg GLC.jpg',3,'Mercedes-Benz GLC',7400000,5,'2023-08-25 04:23:04',17,30),(3054,'2023-08-25 04:23:04','public/images/SUV_Mercedes_Benz G- Class.jpg',3,'Mercedes-Benz G Class',8700000,5,'2023-08-25 04:23:04',17,30),(3061,'2023-08-25 04:23:04','public/images/SUV_LandRover_Defender.jpg',3,'Land Rover Defender',8800000,5,'2023-08-25 04:23:04',18,30),(3062,'2023-08-25 04:23:04','public/images/SUV_Land Rover_Range Rover Evoque.jpg',3,'Land Rover Range Rover Evoque',7600000,5,'2023-08-25 04:23:04',18,30),(4061,'2023-08-25 04:23:04','public/images/Luxury_Land Rover_Range Rover.jpg',2,'Range Rover',23900000,5,'2023-08-25 04:23:04',24,40),(4062,'2023-08-25 04:23:04','public/images/Luxury_Land-Rover_Range-Rover-Velar.jpg',2,'Range Rover Velar',7200000,5,'2023-08-25 04:23:04',24,40),(4063,'2023-08-25 04:23:04','public/images/Luxury_LandRover_DiscoveryHSE-Luxury.jpg',2,'Discovery HSE Luxury',19000000,5,'2023-08-25 04:23:04',24,40);
/*!40000 ALTER TABLE `models` ENABLE KEYS */;
UNLOCK TABLES;

--
-- Table structure for table `roles`
--

DROP TABLE IF EXISTS `roles`;
/*!40101 SET @saved_cs_client     = @@character_set_client */;
/*!50503 SET character_set_client = utf8mb4 */;
CREATE TABLE `roles` (
  `id` int NOT NULL AUTO_INCREMENT,
  `name` enum('ROLE_ADMIN','ROLE_MODERATOR','ROLE_USER') DEFAULT NULL,
  PRIMARY KEY (`id`)
) ENGINE=InnoDB AUTO_INCREMENT=4 DEFAULT CHARSET=utf8mb4 COLLATE=utf8mb4_0900_ai_ci;
/*!40101 SET character_set_client = @saved_cs_client */;

--
-- Dumping data for table `roles`
--

LOCK TABLES `roles` WRITE;
/*!40000 ALTER TABLE `roles` DISABLE KEYS */;
INSERT INTO `roles` VALUES (1,'ROLE_USER'),(2,'ROLE_MODERATOR'),(3,'ROLE_ADMIN');
/*!40000 ALTER TABLE `roles` ENABLE KEYS */;
UNLOCK TABLES;

--
-- Table structure for table `segments`
--

DROP TABLE IF EXISTS `segments`;
/*!40101 SET @saved_cs_client     = @@character_set_client */;
/*!50503 SET character_set_client = utf8mb4 */;
CREATE TABLE `segments` (
  `id` bigint NOT NULL AUTO_INCREMENT,
  `created_at` timestamp NOT NULL DEFAULT CURRENT_TIMESTAMP,
  `seg_name` varchar(255) NOT NULL,
  `updated_at` timestamp NOT NULL DEFAULT CURRENT_TIMESTAMP ON UPDATE CURRENT_TIMESTAMP,
  PRIMARY KEY (`id`),
  UNIQUE KEY `UK_rl0lnc46ll1pyfxwtim3xlt3b` (`seg_name`)
) ENGINE=InnoDB AUTO_INCREMENT=41 DEFAULT CHARSET=utf8mb4 COLLATE=utf8mb4_0900_ai_ci;
/*!40101 SET character_set_client = @saved_cs_client */;

--
-- Dumping data for table `segments`
--

LOCK TABLES `segments` WRITE;
/*!40000 ALTER TABLE `segments` DISABLE KEYS */;
INSERT INTO `segments` VALUES (10,'2023-08-25 04:22:18','Compact','2023-08-25 04:22:18'),(20,'2023-08-25 04:22:18','Sedan','2023-08-25 04:22:18'),(30,'2023-08-25 04:22:18','SUV','2023-08-25 04:22:18'),(40,'2023-08-25 04:22:18','Luxury','2023-08-25 04:22:18');
/*!40000 ALTER TABLE `segments` ENABLE KEYS */;
UNLOCK TABLES;

--
-- Table structure for table `user_roles`
--

DROP TABLE IF EXISTS `user_roles`;
/*!40101 SET @saved_cs_client     = @@character_set_client */;
/*!50503 SET character_set_client = utf8mb4 */;
CREATE TABLE `user_roles` (
  `user_id` bigint NOT NULL,
  `role_id` int NOT NULL,
  PRIMARY KEY (`user_id`,`role_id`),
  KEY `FKh8ciramu9cc9q3qcqiv4ue8a6` (`role_id`),
  CONSTRAINT `FKh8ciramu9cc9q3qcqiv4ue8a6` FOREIGN KEY (`role_id`) REFERENCES `roles` (`id`),
  CONSTRAINT `FKhfh9dx7w3ubf1co1vdev94g3f` FOREIGN KEY (`user_id`) REFERENCES `users` (`id`)
) ENGINE=InnoDB DEFAULT CHARSET=utf8mb4 COLLATE=utf8mb4_0900_ai_ci;
/*!40101 SET character_set_client = @saved_cs_client */;

--
-- Dumping data for table `user_roles`
--

LOCK TABLES `user_roles` WRITE;
/*!40000 ALTER TABLE `user_roles` DISABLE KEYS */;
INSERT INTO `user_roles` VALUES (1,1),(2,1),(3,1),(4,1),(5,1),(6,1),(7,1),(8,1);
/*!40000 ALTER TABLE `user_roles` ENABLE KEYS */;
UNLOCK TABLES;

--
-- Table structure for table `users`
--

DROP TABLE IF EXISTS `users`;
/*!40101 SET @saved_cs_client     = @@character_set_client */;
/*!50503 SET character_set_client = utf8mb4 */;
CREATE TABLE `users` (
  `id` bigint NOT NULL AUTO_INCREMENT,
  `address_line1` varchar(255) DEFAULT NULL,
  `address_line2` varchar(255) DEFAULT NULL,
  `city` varchar(255) DEFAULT NULL,
  `company_name` varchar(255) DEFAULT NULL,
  `email` varchar(50) DEFAULT NULL,
  `gst_number` varchar(255) DEFAULT NULL,
  `password` varchar(120) DEFAULT NULL,
  `pin_code` varchar(255) DEFAULT NULL,
  `state` varchar(255) DEFAULT NULL,
  `telephone` varchar(255) DEFAULT NULL,
  `username` varchar(20) DEFAULT NULL,
  PRIMARY KEY (`id`),
  UNIQUE KEY `UKr43af9ap4edm43mmtq01oddj6` (`username`),
  UNIQUE KEY `UK6dotkott2kjsp8vw4d0m25fb7` (`email`)
) ENGINE=InnoDB AUTO_INCREMENT=9 DEFAULT CHARSET=utf8mb4 COLLATE=utf8mb4_0900_ai_ci;
/*!40101 SET character_set_client = @saved_cs_client */;

--
-- Dumping data for table `users`
--

LOCK TABLES `users` WRITE;
/*!40000 ALTER TABLE `users` DISABLE KEYS */;
INSERT INTO `users` VALUES (1,NULL,NULL,NULL,NULL,'b22@gmail.com','0','$2a$10$H97KbYa0hm3.LeNJZwag/.5r8MXA8FCpumGAhZcP.JX1s4bofI6F6','0',NULL,'0','b22'),(2,NULL,NULL,NULL,NULL,'b21@gmail.com','0','$2a$10$tjTIT20x83pATQEtte7.7.1iRSAYCKWe.QmeYL.zddapygIJi0/GS','0',NULL,'0','b21'),(3,NULL,NULL,NULL,'abc','b23@gmail.com','0','$2a$10$dgJG5KvjSnF4UOBTlgRAouZc.olBPdLKab0kW2Y7d5X3cz8T7vajy','0',NULL,'0','b23'),(4,'abc',NULL,'abc','abc','b24@gmail.com','0','$2a$10$i1NMPLwvFvU1S.svKAruv.g/dsNvafEDYJWztqC6NYaZ.t3u2iH7u','0','abc','0','b24'),(5,'abc',NULL,'abc','abc','b25@gmail.com','0','$2a$10$CJlnu761xM5.2ozJLr9cHucAQJJolc4t/Lbl6GY6qwKIsgMtgP/2.','123','abc','123','b25'),(6,'abc','abc','abc','abc','b27@gmail.com','0','$2a$10$MFPrh85r3EDgVsCE52L8GudBk70JM3Qb0I8/x2Xumg4IoVfp45njK','123','abc','123','b27'),(7,'abc','abc','abc','abc','b28@gmail.com','123','$2a$10$8d4GDa8tm/HIgI.IOCxraO5Mp1rKZINdbKbvUo4e77hx1jBOazh4W','123','abc','123','b28'),(8,'NEHRU NAGAR','NEHRU NAGAR','KANPUR NAGAR','Meaningful Foods LLP','a221@g.com','455345','$2a$10$rGwEkY8emRr7bPI6JPcwZeVmWNAaGzajaJR5Tanx30yZNdJQBIZte','208012','UTTAR PRADESH','08176814309','a221');
/*!40000 ALTER TABLE `users` ENABLE KEYS */;
UNLOCK TABLES;

--
-- Table structure for table `vehicles`
--

DROP TABLE IF EXISTS `vehicles`;
/*!40101 SET @saved_cs_client     = @@character_set_client */;
/*!50503 SET character_set_client = utf8mb4 */;
CREATE TABLE `vehicles` (
  `id` bigint NOT NULL AUTO_INCREMENT,
  `comp_type` enum('C','E','I','S') NOT NULL,
  `created_at` timestamp NOT NULL DEFAULT CURRENT_TIMESTAMP,
  `is_configurable` enum('N','Y') NOT NULL,
  `updated_at` timestamp NOT NULL DEFAULT CURRENT_TIMESTAMP ON UPDATE CURRENT_TIMESTAMP,
  `comp_id` bigint NOT NULL,
  `mod_id` bigint NOT NULL,
  PRIMARY KEY (`id`),
  KEY `FKl73vrifij29mf60p025y6uykp` (`comp_id`),
  KEY `FKsrd84yon700o6fgng107lhnjq` (`mod_id`),
  CONSTRAINT `FKl73vrifij29mf60p025y6uykp` FOREIGN KEY (`comp_id`) REFERENCES `components` (`id`) ON DELETE CASCADE,
  CONSTRAINT `FKsrd84yon700o6fgng107lhnjq` FOREIGN KEY (`mod_id`) REFERENCES `models` (`id`) ON DELETE CASCADE
) ENGINE=InnoDB AUTO_INCREMENT=1508 DEFAULT CHARSET=utf8mb4 COLLATE=utf8mb4_0900_ai_ci;
/*!40101 SET character_set_client = @saved_cs_client */;

--
-- Dumping data for table `vehicles`
--

LOCK TABLES `vehicles` WRITE;
/*!40000 ALTER TABLE `vehicles` DISABLE KEYS */;
INSERT INTO `vehicles` VALUES (1,'C','2023-08-25 04:23:56','Y','2023-08-25 04:23:56',1,3051),(2,'C','2023-08-25 04:23:56','N','2023-08-25 04:23:56',2,3051),(3,'S','2023-08-25 04:23:56','Y','2023-08-25 04:23:56',3,3051),(4,'S','2023-08-25 04:23:56','Y','2023-08-25 04:23:56',4,3051),(5,'C','2023-08-25 04:23:56','N','2023-08-25 04:23:56',5,3051),(6,'C','2023-08-25 04:23:56','N','2023-08-25 04:23:56',6,3051),(7,'S','2023-08-25 04:23:56','N','2023-08-25 04:23:56',7,3051),(8,'S','2023-08-25 04:23:56','N','2023-08-25 04:23:56',8,3051),(9,'S','2023-08-25 04:23:56','N','2023-08-25 04:23:56',9,3051),(10,'S','2023-08-25 04:23:56','N','2023-08-25 04:23:56',10,3051),(11,'S','2023-08-25 04:23:56','Y','2023-08-25 04:23:56',11,3051),(12,'S','2023-08-25 04:23:56','N','2023-08-25 04:23:56',12,3051),(13,'S','2023-08-25 04:23:56','N','2023-08-25 04:23:56',13,3051),(14,'S','2023-08-25 04:23:56','N','2023-08-25 04:23:56',14,3051),(15,'S','2023-08-25 04:23:56','Y','2023-08-25 04:23:56',15,3051),(16,'S','2023-08-25 04:23:56','N','2023-08-25 04:23:56',16,3051),(17,'S','2023-08-25 04:23:56','Y','2023-08-25 04:23:56',17,3051),(18,'S','2023-08-25 04:23:56','N','2023-08-25 04:23:56',18,3051),(19,'S','2023-08-25 04:23:56','N','2023-08-25 04:23:56',19,3051),(20,'I','2023-08-25 04:23:56','Y','2023-08-25 04:23:56',20,3051),(21,'I','2023-08-25 04:23:56','N','2023-08-25 04:23:56',21,3051),(22,'E','2023-08-25 04:23:56','N','2023-08-25 04:23:56',22,3051),(23,'E','2023-08-25 04:23:56','Y','2023-08-25 04:23:56',23,3051),(24,'E','2023-08-25 04:23:56','Y','2023-08-25 04:23:56',24,3051),(25,'E','2023-08-25 04:23:56','N','2023-08-25 04:23:56',25,3051),(26,'E','2023-08-25 04:23:56','N','2023-08-25 04:23:56',26,3051),(27,'E','2023-08-25 04:23:56','Y','2023-08-25 04:23:56',27,3051),(28,'C','2023-08-25 04:23:56','N','2023-08-25 04:23:56',1,3052),(29,'C','2023-08-25 04:23:56','N','2023-08-25 04:23:56',2,3052),(30,'S','2023-08-25 04:23:56','Y','2023-08-25 04:23:56',3,3052),(31,'S','2023-08-25 04:23:56','Y','2023-08-25 04:23:56',4,3052),(32,'C','2023-08-25 04:23:56','N','2023-08-25 04:23:56',5,3052),(33,'C','2023-08-25 04:23:56','N','2023-08-25 04:23:56',6,3052),(34,'S','2023-08-25 04:23:56','N','2023-08-25 04:23:56',7,3052),(35,'S','2023-08-25 04:23:56','N','2023-08-25 04:23:56',8,3052),(36,'S','2023-08-25 04:23:56','N','2023-08-25 04:23:56',9,3052),(37,'S','2023-08-25 04:23:56','N','2023-08-25 04:23:56',10,3052),(38,'S','2023-08-25 04:23:56','Y','2023-08-25 04:23:56',11,3052),(39,'S','2023-08-25 04:23:56','N','2023-08-25 04:23:56',12,3052),(40,'S','2023-08-25 04:23:56','N','2023-08-25 04:23:56',13,3052),(41,'S','2023-08-25 04:23:56','N','2023-08-25 04:23:56',14,3052),(42,'S','2023-08-25 04:23:56','Y','2023-08-25 04:23:56',15,3052),(43,'S','2023-08-25 04:23:56','N','2023-08-25 04:23:56',16,3052),(44,'S','2023-08-25 04:23:56','Y','2023-08-25 04:23:56',17,3052),(45,'S','2023-08-25 04:23:56','N','2023-08-25 04:23:56',18,3052),(46,'S','2023-08-25 04:23:56','N','2023-08-25 04:23:56',19,3052),(47,'I','2023-08-25 04:23:56','Y','2023-08-25 04:23:56',20,3052),(48,'I','2023-08-25 04:23:56','N','2023-08-25 04:23:56',21,3052),(49,'E','2023-08-25 04:23:56','N','2023-08-25 04:23:56',22,3052),(50,'E','2023-08-25 04:23:56','Y','2023-08-25 04:23:56',23,3052),(51,'E','2023-08-25 04:23:56','Y','2023-08-25 04:23:56',24,3052),(52,'E','2023-08-25 04:23:56','N','2023-08-25 04:23:56',25,3052),(53,'E','2023-08-25 04:23:56','N','2023-08-25 04:23:56',26,3052),(54,'E','2023-08-25 04:23:56','Y','2023-08-25 04:23:56',27,3052),(55,'C','2023-08-25 04:23:56','N','2023-08-25 04:23:56',1,3053),(56,'C','2023-08-25 04:23:56','N','2023-08-25 04:23:56',2,3053),(57,'S','2023-08-25 04:23:56','Y','2023-08-25 04:23:56',3,3053),(58,'S','2023-08-25 04:23:56','Y','2023-08-25 04:23:56',4,3053),(59,'C','2023-08-25 04:23:56','N','2023-08-25 04:23:56',5,3053),(60,'C','2023-08-25 04:23:56','N','2023-08-25 04:23:56',6,3053),(61,'S','2023-08-25 04:23:56','N','2023-08-25 04:23:56',7,3053),(62,'S','2023-08-25 04:23:56','N','2023-08-25 04:23:56',8,3053),(63,'S','2023-08-25 04:23:56','N','2023-08-25 04:23:56',9,3053),(64,'S','2023-08-25 04:23:56','N','2023-08-25 04:23:56',10,3053),(65,'S','2023-08-25 04:23:56','Y','2023-08-25 04:23:56',11,3053),(66,'S','2023-08-25 04:23:56','N','2023-08-25 04:23:56',12,3053),(67,'S','2023-08-25 04:23:56','N','2023-08-25 04:23:56',13,3053),(68,'S','2023-08-25 04:23:56','N','2023-08-25 04:23:56',14,3053),(69,'S','2023-08-25 04:23:56','Y','2023-08-25 04:23:56',15,3053),(70,'S','2023-08-25 04:23:56','N','2023-08-25 04:23:56',16,3053),(71,'S','2023-08-25 04:23:56','Y','2023-08-25 04:23:56',17,3053),(72,'S','2023-08-25 04:23:56','N','2023-08-25 04:23:56',18,3053),(73,'S','2023-08-25 04:23:56','N','2023-08-25 04:23:56',19,3053),(74,'I','2023-08-25 04:23:56','Y','2023-08-25 04:23:56',20,3053),(75,'I','2023-08-25 04:23:56','N','2023-08-25 04:23:56',21,3053),(76,'E','2023-08-25 04:23:56','N','2023-08-25 04:23:56',22,3053),(77,'E','2023-08-25 04:23:56','Y','2023-08-25 04:23:56',23,3053),(78,'E','2023-08-25 04:23:56','Y','2023-08-25 04:23:56',24,3053),(79,'E','2023-08-25 04:23:56','N','2023-08-25 04:23:56',25,3053),(80,'E','2023-08-25 04:23:56','N','2023-08-25 04:23:56',26,3053),(81,'E','2023-08-25 04:23:56','Y','2023-08-25 04:23:56',27,3053),(82,'C','2023-08-25 04:23:56','N','2023-08-25 04:23:56',1,3054),(83,'C','2023-08-25 04:23:56','N','2023-08-25 04:23:56',2,3054),(84,'S','2023-08-25 04:23:56','Y','2023-08-25 04:23:56',3,3054),(85,'S','2023-08-25 04:23:56','Y','2023-08-25 04:23:56',4,3054),(86,'C','2023-08-25 04:23:56','N','2023-08-25 04:23:56',5,3054),(87,'C','2023-08-25 04:23:56','N','2023-08-25 04:23:56',6,3054),(88,'S','2023-08-25 04:23:56','N','2023-08-25 04:23:56',7,3054),(89,'S','2023-08-25 04:23:56','N','2023-08-25 04:23:56',8,3054),(90,'S','2023-08-25 04:23:56','N','2023-08-25 04:23:56',9,3054),(91,'S','2023-08-25 04:23:56','N','2023-08-25 04:23:56',10,3054),(92,'S','2023-08-25 04:23:56','Y','2023-08-25 04:23:56',11,3054),(93,'S','2023-08-25 04:23:56','N','2023-08-25 04:23:56',12,3054),(94,'S','2023-08-25 04:23:56','N','2023-08-25 04:23:56',13,3054),(95,'S','2023-08-25 04:23:56','N','2023-08-25 04:23:56',14,3054),(96,'S','2023-08-25 04:23:56','Y','2023-08-25 04:23:56',15,3054),(97,'S','2023-08-25 04:23:56','N','2023-08-25 04:23:56',16,3054),(98,'S','2023-08-25 04:23:56','Y','2023-08-25 04:23:56',17,3054),(99,'S','2023-08-25 04:23:56','N','2023-08-25 04:23:56',18,3054),(100,'S','2023-08-25 04:23:56','N','2023-08-25 04:23:56',19,3054),(101,'I','2023-08-25 04:23:56','Y','2023-08-25 04:23:56',20,3054),(102,'I','2023-08-25 04:23:56','N','2023-08-25 04:23:56',21,3054),(103,'E','2023-08-25 04:23:56','N','2023-08-25 04:23:56',22,3054),(104,'E','2023-08-25 04:23:56','Y','2023-08-25 04:23:56',23,3054),(105,'E','2023-08-25 04:23:56','Y','2023-08-25 04:23:56',24,3054),(106,'E','2023-08-25 04:23:56','N','2023-08-25 04:23:56',25,3054),(107,'E','2023-08-25 04:23:56','N','2023-08-25 04:23:56',26,3054),(108,'E','2023-08-25 04:23:56','Y','2023-08-25 04:23:56',27,3054),(109,'C','2023-08-25 04:23:56','N','2023-08-25 04:23:56',1,3061),(110,'C','2023-08-25 04:23:56','N','2023-08-25 04:23:56',2,3061),(111,'S','2023-08-25 04:23:56','Y','2023-08-25 04:23:56',3,3061),(112,'S','2023-08-25 04:23:56','Y','2023-08-25 04:23:56',4,3061),(113,'C','2023-08-25 04:23:56','N','2023-08-25 04:23:56',5,3061),(114,'C','2023-08-25 04:23:56','N','2023-08-25 04:23:56',6,3061),(115,'S','2023-08-25 04:23:56','N','2023-08-25 04:23:56',7,3061),(116,'S','2023-08-25 04:23:56','N','2023-08-25 04:23:56',8,3061),(117,'S','2023-08-25 04:23:56','N','2023-08-25 04:23:56',9,3061),(118,'S','2023-08-25 04:23:56','N','2023-08-25 04:23:56',10,3061),(119,'S','2023-08-25 04:23:56','Y','2023-08-25 04:23:56',11,3061),(120,'S','2023-08-25 04:23:56','N','2023-08-25 04:23:56',12,3061),(121,'S','2023-08-25 04:23:56','N','2023-08-25 04:23:56',13,3061),(122,'S','2023-08-25 04:23:56','N','2023-08-25 04:23:56',14,3061),(123,'S','2023-08-25 04:23:56','Y','2023-08-25 04:23:56',15,3061),(124,'S','2023-08-25 04:23:56','N','2023-08-25 04:23:56',16,3061),(125,'S','2023-08-25 04:23:56','Y','2023-08-25 04:23:56',17,3061),(126,'S','2023-08-25 04:23:56','N','2023-08-25 04:23:56',18,3061),(127,'S','2023-08-25 04:23:56','N','2023-08-25 04:23:56',19,3061),(128,'I','2023-08-25 04:23:56','Y','2023-08-25 04:23:56',20,3061),(129,'I','2023-08-25 04:23:56','N','2023-08-25 04:23:56',21,3061),(130,'E','2023-08-25 04:23:56','N','2023-08-25 04:23:56',22,3061),(131,'E','2023-08-25 04:23:56','Y','2023-08-25 04:23:56',23,3061),(132,'E','2023-08-25 04:23:56','Y','2023-08-25 04:23:56',24,3061),(133,'E','2023-08-25 04:23:56','N','2023-08-25 04:23:56',25,3061),(134,'E','2023-08-25 04:23:56','N','2023-08-25 04:23:56',26,3061),(135,'E','2023-08-25 04:23:56','Y','2023-08-25 04:23:56',27,3061),(136,'C','2023-08-25 04:23:56','N','2023-08-25 04:23:56',1,3062),(137,'C','2023-08-25 04:23:56','N','2023-08-25 04:23:56',2,3062),(138,'S','2023-08-25 04:23:56','Y','2023-08-25 04:23:56',3,3062),(139,'S','2023-08-25 04:23:56','Y','2023-08-25 04:23:56',4,3062),(140,'C','2023-08-25 04:23:56','N','2023-08-25 04:23:56',5,3062),(141,'C','2023-08-25 04:23:56','N','2023-08-25 04:23:56',6,3062),(142,'S','2023-08-25 04:23:56','N','2023-08-25 04:23:56',7,3062),(143,'S','2023-08-25 04:23:56','N','2023-08-25 04:23:56',8,3062),(144,'S','2023-08-25 04:23:56','N','2023-08-25 04:23:56',9,3062),(145,'S','2023-08-25 04:23:56','N','2023-08-25 04:23:56',10,3062),(146,'S','2023-08-25 04:23:56','Y','2023-08-25 04:23:56',11,3062),(147,'S','2023-08-25 04:23:56','N','2023-08-25 04:23:56',12,3062),(148,'S','2023-08-25 04:23:56','N','2023-08-25 04:23:56',13,3062),(149,'S','2023-08-25 04:23:56','N','2023-08-25 04:23:56',14,3062),(150,'S','2023-08-25 04:23:56','Y','2023-08-25 04:23:56',15,3062),(151,'S','2023-08-25 04:23:56','N','2023-08-25 04:23:56',16,3062),(152,'S','2023-08-25 04:23:56','Y','2023-08-25 04:23:56',17,3062),(153,'S','2023-08-25 04:23:56','N','2023-08-25 04:23:56',18,3062),(154,'S','2023-08-25 04:23:56','N','2023-08-25 04:23:56',19,3062),(155,'I','2023-08-25 04:23:56','Y','2023-08-25 04:23:56',20,3062),(156,'I','2023-08-25 04:23:56','N','2023-08-25 04:23:56',21,3062),(157,'E','2023-08-25 04:23:56','N','2023-08-25 04:23:56',22,3062),(158,'E','2023-08-25 04:23:56','Y','2023-08-25 04:23:56',23,3062),(159,'E','2023-08-25 04:23:56','Y','2023-08-25 04:23:56',24,3062),(160,'E','2023-08-25 04:23:56','N','2023-08-25 04:23:56',25,3062),(161,'E','2023-08-25 04:23:56','N','2023-08-25 04:23:56',26,3062),(162,'E','2023-08-25 04:23:56','Y','2023-08-25 04:23:56',27,3062),(163,'C','2023-08-25 04:23:56','N','2023-08-25 04:23:56',143,1011),(164,'C','2023-08-25 04:23:56','N','2023-08-25 04:23:56',2,1011),(165,'S','2023-08-25 04:23:56','N','2023-08-25 04:23:56',3,1011),(166,'S','2023-08-25 04:23:56','N','2023-08-25 04:23:56',4,1011),(167,'C','2023-08-25 04:23:56','N','2023-08-25 04:23:56',5,1011),(168,'C','2023-08-25 04:23:56','N','2023-08-25 04:23:56',6,1011),(169,'S','2023-08-25 04:23:56','N','2023-08-25 04:23:56',7,1011),(170,'S','2023-08-25 04:23:56','N','2023-08-25 04:23:56',8,1011),(171,'S','2023-08-25 04:23:56','N','2023-08-25 04:23:56',9,1011),(172,'S','2023-08-25 04:23:56','N','2023-08-25 04:23:56',10,1011),(173,'S','2023-08-25 04:23:56','N','2023-08-25 04:23:56',11,1011),(174,'S','2023-08-25 04:23:56','N','2023-08-25 04:23:56',12,1011),(175,'S','2023-08-25 04:23:56','N','2023-08-25 04:23:56',13,1011),(176,'S','2023-08-25 04:23:56','N','2023-08-25 04:23:56',14,1011),(177,'S','2023-08-25 04:23:56','N','2023-08-25 04:23:56',15,1011),(178,'I','2023-08-25 04:23:56','N','2023-08-25 04:23:56',16,1011),(179,'I','2023-08-25 04:23:56','N','2023-08-25 04:23:56',17,1011),(180,'I','2023-08-25 04:23:56','N','2023-08-25 04:23:56',18,1011),(181,'I','2023-08-25 04:23:56','N','2023-08-25 04:23:56',19,1011),(182,'I','2023-08-25 04:23:56','N','2023-08-25 04:23:56',20,1011),(183,'I','2023-08-25 04:23:56','N','2023-08-25 04:23:56',21,1011),(184,'I','2023-08-25 04:23:56','N','2023-08-25 04:23:56',22,1011),(185,'E','2023-08-25 04:23:56','N','2023-08-25 04:23:56',23,1011),(186,'E','2023-08-25 04:23:56','Y','2023-08-25 04:23:56',24,1011),(187,'E','2023-08-25 04:23:56','N','2023-08-25 04:23:56',25,1011),(188,'E','2023-08-25 04:23:56','N','2023-08-25 04:23:56',26,1011),(189,'E','2023-08-25 04:23:56','Y','2023-08-25 04:23:56',27,1011),(190,'E','2023-08-25 04:23:56','N','2023-08-25 04:23:56',107,1011),(191,'E','2023-08-25 04:23:56','N','2023-08-25 04:23:56',335,1011),(192,'C','2023-08-25 04:23:56','N','2023-08-25 04:23:56',140,1012),(193,'C','2023-08-25 04:23:56','N','2023-08-25 04:23:56',2,1012),(194,'S','2023-08-25 04:23:56','N','2023-08-25 04:23:56',3,1012),(195,'S','2023-08-25 04:23:56','N','2023-08-25 04:23:56',4,1012),(196,'C','2023-08-25 04:23:56','N','2023-08-25 04:23:56',5,1012),(197,'C','2023-08-25 04:23:56','N','2023-08-25 04:23:56',6,1012),(198,'S','2023-08-25 04:23:56','N','2023-08-25 04:23:56',7,1012),(199,'S','2023-08-25 04:23:56','N','2023-08-25 04:23:56',8,1012),(200,'S','2023-08-25 04:23:56','N','2023-08-25 04:23:56',9,1012),(201,'S','2023-08-25 04:23:56','N','2023-08-25 04:23:56',10,1012),(202,'S','2023-08-25 04:23:56','N','2023-08-25 04:23:56',11,1012),(203,'S','2023-08-25 04:23:56','N','2023-08-25 04:23:56',12,1012),(204,'S','2023-08-25 04:23:56','N','2023-08-25 04:23:56',13,1012),(205,'S','2023-08-25 04:23:56','N','2023-08-25 04:23:56',14,1012),(206,'S','2023-08-25 04:23:56','N','2023-08-25 04:23:56',15,1012),(207,'I','2023-08-25 04:23:56','Y','2023-08-25 04:23:56',16,1012),(208,'I','2023-08-25 04:23:56','N','2023-08-25 04:23:56',17,1012),(209,'I','2023-08-25 04:23:56','N','2023-08-25 04:23:56',18,1012),(210,'I','2023-08-25 04:23:56','N','2023-08-25 04:23:56',19,1012),(211,'I','2023-08-25 04:23:56','N','2023-08-25 04:23:56',20,1012),(212,'I','2023-08-25 04:23:56','N','2023-08-25 04:23:56',21,1012),(213,'I','2023-08-25 04:23:56','N','2023-08-25 04:23:56',22,1012),(214,'E','2023-08-25 04:23:56','Y','2023-08-25 04:23:56',23,1012),(215,'E','2023-08-25 04:23:56','N','2023-08-25 04:23:56',24,1012),(216,'E','2023-08-25 04:23:56','N','2023-08-25 04:23:56',25,1012),(217,'E','2023-08-25 04:23:56','Y','2023-08-25 04:23:56',26,1012),(218,'E','2023-08-25 04:23:56','N','2023-08-25 04:23:56',27,1012),(219,'E','2023-08-25 04:23:56','N','2023-08-25 04:23:56',107,1012),(220,'E','2023-08-25 04:23:56','N','2023-08-25 04:23:56',335,1012),(221,'C','2023-08-25 04:23:56','N','2023-08-25 04:23:56',142,1013),(222,'C','2023-08-25 04:23:56','N','2023-08-25 04:23:56',2,1013),(223,'S','2023-08-25 04:23:56','N','2023-08-25 04:23:56',3,1013),(224,'S','2023-08-25 04:23:56','N','2023-08-25 04:23:56',4,1013),(225,'C','2023-08-25 04:23:56','N','2023-08-25 04:23:56',5,1013),(226,'C','2023-08-25 04:23:56','N','2023-08-25 04:23:56',6,1013),(227,'S','2023-08-25 04:23:56','N','2023-08-25 04:23:56',7,1013),(228,'S','2023-08-25 04:23:56','N','2023-08-25 04:23:56',8,1013),(229,'S','2023-08-25 04:23:56','N','2023-08-25 04:23:56',9,1013),(230,'S','2023-08-25 04:23:56','N','2023-08-25 04:23:56',10,1013),(231,'S','2023-08-25 04:23:56','N','2023-08-25 04:23:56',11,1013),(232,'S','2023-08-25 04:23:56','N','2023-08-25 04:23:56',12,1013),(233,'S','2023-08-25 04:23:56','N','2023-08-25 04:23:56',13,1013),(234,'S','2023-08-25 04:23:56','N','2023-08-25 04:23:56',14,1013),(235,'S','2023-08-25 04:23:56','N','2023-08-25 04:23:56',15,1013),(236,'I','2023-08-25 04:23:56','Y','2023-08-25 04:23:56',16,1013),(237,'I','2023-08-25 04:23:56','N','2023-08-25 04:23:56',17,1013),(238,'I','2023-08-25 04:23:56','N','2023-08-25 04:23:56',18,1013),(239,'I','2023-08-25 04:23:56','N','2023-08-25 04:23:56',19,1013),(240,'I','2023-08-25 04:23:56','N','2023-08-25 04:23:56',20,1013),(241,'I','2023-08-25 04:23:56','N','2023-08-25 04:23:56',21,1013),(242,'I','2023-08-25 04:23:56','N','2023-08-25 04:23:56',22,1013),(243,'E','2023-08-25 04:23:56','N','2023-08-25 04:23:56',23,1013),(244,'E','2023-08-25 04:23:56','N','2023-08-25 04:23:56',24,1013),(245,'E','2023-08-25 04:23:56','N','2023-08-25 04:23:56',25,1013),(246,'E','2023-08-25 04:23:56','N','2023-08-25 04:23:56',26,1013),(247,'E','2023-08-25 04:23:56','Y','2023-08-25 04:23:56',27,1013),(248,'E','2023-08-25 04:23:56','N','2023-08-25 04:23:56',107,1013),(249,'E','2023-08-25 04:23:56','N','2023-08-25 04:23:56',335,1013),(250,'C','2023-08-25 04:23:56','N','2023-08-25 04:23:56',141,1014),(251,'C','2023-08-25 04:23:56','N','2023-08-25 04:23:56',2,1014),(252,'S','2023-08-25 04:23:56','N','2023-08-25 04:23:56',3,1014),(253,'S','2023-08-25 04:23:56','N','2023-08-25 04:23:56',4,1014),(254,'C','2023-08-25 04:23:56','N','2023-08-25 04:23:56',5,1014),(255,'C','2023-08-25 04:23:56','N','2023-08-25 04:23:56',6,1014),(256,'S','2023-08-25 04:23:56','N','2023-08-25 04:23:56',7,1014),(257,'S','2023-08-25 04:23:56','N','2023-08-25 04:23:56',8,1014),(258,'S','2023-08-25 04:23:56','N','2023-08-25 04:23:56',9,1014),(259,'S','2023-08-25 04:23:56','N','2023-08-25 04:23:56',10,1014),(260,'S','2023-08-25 04:23:56','N','2023-08-25 04:23:56',11,1014),(261,'S','2023-08-25 04:23:56','N','2023-08-25 04:23:56',12,1014),(262,'S','2023-08-25 04:23:56','N','2023-08-25 04:23:56',13,1014),(263,'S','2023-08-25 04:23:56','N','2023-08-25 04:23:56',14,1014),(264,'S','2023-08-25 04:23:56','N','2023-08-25 04:23:56',15,1014),(265,'I','2023-08-25 04:23:56','Y','2023-08-25 04:23:56',16,1014),(266,'I','2023-08-25 04:23:56','N','2023-08-25 04:23:56',17,1014),(267,'I','2023-08-25 04:23:56','N','2023-08-25 04:23:56',18,1014),(268,'I','2023-08-25 04:23:56','N','2023-08-25 04:23:56',19,1014),(269,'I','2023-08-25 04:23:56','N','2023-08-25 04:23:56',20,1014),(270,'I','2023-08-25 04:23:56','N','2023-08-25 04:23:56',21,1014),(271,'I','2023-08-25 04:23:56','N','2023-08-25 04:23:56',22,1014),(272,'E','2023-08-25 04:23:56','Y','2023-08-25 04:23:56',23,1014),(273,'E','2023-08-25 04:23:56','N','2023-08-25 04:23:56',24,1014),(274,'E','2023-08-25 04:23:56','N','2023-08-25 04:23:56',25,1014),(275,'E','2023-08-25 04:23:56','N','2023-08-25 04:23:56',26,1014),(276,'E','2023-08-25 04:23:56','Y','2023-08-25 04:23:56',27,1014),(277,'E','2023-08-25 04:23:56','N','2023-08-25 04:23:56',107,1014),(278,'E','2023-08-25 04:23:56','N','2023-08-25 04:23:56',335,1014),(279,'C','2023-08-25 04:23:56','N','2023-08-25 04:23:56',145,1031),(280,'C','2023-08-25 04:23:56','N','2023-08-25 04:23:56',2,1031),(281,'S','2023-08-25 04:23:56','N','2023-08-25 04:23:56',3,1031),(282,'S','2023-08-25 04:23:56','N','2023-08-25 04:23:56',4,1031),(283,'C','2023-08-25 04:23:56','N','2023-08-25 04:23:56',5,1031),(284,'C','2023-08-25 04:23:56','N','2023-08-25 04:23:56',6,1031),(285,'S','2023-08-25 04:23:56','N','2023-08-25 04:23:56',7,1031),(286,'S','2023-08-25 04:23:56','N','2023-08-25 04:23:56',8,1031),(287,'S','2023-08-25 04:23:56','N','2023-08-25 04:23:56',9,1031),(288,'S','2023-08-25 04:23:56','N','2023-08-25 04:23:56',10,1031),(289,'S','2023-08-25 04:23:56','N','2023-08-25 04:23:56',11,1031),(290,'S','2023-08-25 04:23:56','N','2023-08-25 04:23:56',12,1031),(291,'S','2023-08-25 04:23:56','N','2023-08-25 04:23:56',13,1031),(292,'S','2023-08-25 04:23:56','N','2023-08-25 04:23:56',14,1031),(293,'S','2023-08-25 04:23:56','N','2023-08-25 04:23:56',15,1031),(294,'I','2023-08-25 04:23:56','Y','2023-08-25 04:23:56',16,1031),(295,'I','2023-08-25 04:23:56','N','2023-08-25 04:23:56',17,1031),(296,'I','2023-08-25 04:23:56','N','2023-08-25 04:23:56',18,1031),(297,'I','2023-08-25 04:23:56','N','2023-08-25 04:23:56',19,1031),(298,'I','2023-08-25 04:23:56','N','2023-08-25 04:23:56',20,1031),(299,'I','2023-08-25 04:23:56','N','2023-08-25 04:23:56',21,1031),(300,'I','2023-08-25 04:23:56','N','2023-08-25 04:23:56',22,1031),(301,'E','2023-08-25 04:23:56','Y','2023-08-25 04:23:56',23,1031),(302,'E','2023-08-25 04:23:56','N','2023-08-25 04:23:56',24,1031),(303,'E','2023-08-25 04:23:56','N','2023-08-25 04:23:56',25,1031),(304,'E','2023-08-25 04:23:56','N','2023-08-25 04:23:56',26,1031),(305,'E','2023-08-25 04:23:56','Y','2023-08-25 04:23:56',27,1031),(306,'E','2023-08-25 04:23:56','N','2023-08-25 04:23:56',107,1031),(307,'E','2023-08-25 04:23:56','N','2023-08-25 04:23:56',335,1031),(308,'C','2023-08-25 04:23:56','N','2023-08-25 04:23:56',144,1032),(309,'C','2023-08-25 04:23:56','N','2023-08-25 04:23:56',2,1032),(310,'S','2023-08-25 04:23:56','N','2023-08-25 04:23:56',3,1032),(311,'S','2023-08-25 04:23:56','N','2023-08-25 04:23:56',4,1032),(312,'C','2023-08-25 04:23:56','N','2023-08-25 04:23:56',5,1032),(313,'C','2023-08-25 04:23:56','N','2023-08-25 04:23:56',6,1032),(314,'S','2023-08-25 04:23:56','N','2023-08-25 04:23:56',7,1032),(315,'S','2023-08-25 04:23:56','N','2023-08-25 04:23:56',8,1032),(316,'S','2023-08-25 04:23:56','N','2023-08-25 04:23:56',9,1032),(317,'S','2023-08-25 04:23:56','N','2023-08-25 04:23:56',10,1032),(318,'S','2023-08-25 04:23:56','N','2023-08-25 04:23:56',11,1032),(319,'S','2023-08-25 04:23:56','N','2023-08-25 04:23:56',12,1032),(320,'S','2023-08-25 04:23:56','N','2023-08-25 04:23:56',13,1032),(321,'S','2023-08-25 04:23:56','N','2023-08-25 04:23:56',14,1032),(322,'S','2023-08-25 04:23:56','N','2023-08-25 04:23:56',15,1032),(323,'I','2023-08-25 04:23:56','N','2023-08-25 04:23:56',16,1032),(324,'I','2023-08-25 04:23:56','N','2023-08-25 04:23:56',17,1032),(325,'I','2023-08-25 04:23:56','N','2023-08-25 04:23:56',18,1032),(326,'I','2023-08-25 04:23:56','N','2023-08-25 04:23:56',19,1032),(327,'I','2023-08-25 04:23:56','N','2023-08-25 04:23:56',20,1032),(328,'I','2023-08-25 04:23:56','N','2023-08-25 04:23:56',21,1032),(329,'I','2023-08-25 04:23:56','Y','2023-08-25 04:23:56',22,1032),(330,'E','2023-08-25 04:23:56','N','2023-08-25 04:23:56',23,1032),(331,'E','2023-08-25 04:23:56','N','2023-08-25 04:23:56',24,1032),(332,'E','2023-08-25 04:23:56','N','2023-08-25 04:23:56',25,1032),(333,'E','2023-08-25 04:23:56','N','2023-08-25 04:23:56',26,1032),(334,'E','2023-08-25 04:23:56','N','2023-08-25 04:23:56',27,1032),(335,'E','2023-08-25 04:23:56','N','2023-08-25 04:23:56',107,1032),(336,'E','2023-08-25 04:23:56','N','2023-08-25 04:23:56',335,1032),(337,'C','2023-08-25 04:23:56','N','2023-08-25 04:23:56',137,2021),(338,'C','2023-08-25 04:23:56','N','2023-08-25 04:23:56',2,2021),(339,'S','2023-08-25 04:23:56','Y','2023-08-25 04:23:56',3,2021),(340,'S','2023-08-25 04:23:56','Y','2023-08-25 04:23:56',4,2021),(341,'C','2023-08-25 04:23:56','N','2023-08-25 04:23:56',5,2021),(342,'C','2023-08-25 04:23:56','N','2023-08-25 04:23:56',6,2021),(343,'S','2023-08-25 04:23:56','N','2023-08-25 04:23:56',7,2021),(344,'S','2023-08-25 04:23:56','N','2023-08-25 04:23:56',8,2021),(345,'S','2023-08-25 04:23:56','N','2023-08-25 04:23:56',9,2021),(346,'S','2023-08-25 04:23:56','N','2023-08-25 04:23:56',10,2021),(347,'S','2023-08-25 04:23:56','Y','2023-08-25 04:23:56',11,2021),(348,'S','2023-08-25 04:23:56','N','2023-08-25 04:23:56',12,2021),(349,'S','2023-08-25 04:23:56','N','2023-08-25 04:23:56',13,2021),(350,'S','2023-08-25 04:23:56','N','2023-08-25 04:23:56',14,2021),(351,'S','2023-08-25 04:23:56','N','2023-08-25 04:23:56',15,2021),(352,'I','2023-08-25 04:23:56','Y','2023-08-25 04:23:56',16,2021),(353,'I','2023-08-25 04:23:56','N','2023-08-25 04:23:56',17,2021),(354,'I','2023-08-25 04:23:56','Y','2023-08-25 04:23:56',18,2021),(355,'I','2023-08-25 04:23:56','N','2023-08-25 04:23:56',19,2021),(356,'I','2023-08-25 04:23:56','N','2023-08-25 04:23:56',20,2021),(357,'I','2023-08-25 04:23:56','Y','2023-08-25 04:23:56',21,2021),(358,'I','2023-08-25 04:23:56','N','2023-08-25 04:23:56',22,2021),(359,'E','2023-08-25 04:23:56','N','2023-08-25 04:23:56',23,2021),(360,'E','2023-08-25 04:23:56','Y','2023-08-25 04:23:56',24,2021),(361,'E','2023-08-25 04:23:56','Y','2023-08-25 04:23:56',25,2021),(362,'E','2023-08-25 04:23:56','N','2023-08-25 04:23:56',26,2021),(363,'E','2023-08-25 04:23:56','Y','2023-08-25 04:23:56',27,2021),(364,'C','2023-08-25 04:23:56','N','2023-08-25 04:23:56',137,2022),(365,'C','2023-08-25 04:23:56','N','2023-08-25 04:23:56',2,2022),(366,'S','2023-08-25 04:23:56','Y','2023-08-25 04:23:56',3,2022),(367,'S','2023-08-25 04:23:56','Y','2023-08-25 04:23:56',4,2022),(368,'C','2023-08-25 04:23:56','N','2023-08-25 04:23:56',5,2022),(369,'C','2023-08-25 04:23:56','N','2023-08-25 04:23:56',6,2022),(370,'S','2023-08-25 04:23:56','N','2023-08-25 04:23:56',7,2022),(371,'S','2023-08-25 04:23:56','N','2023-08-25 04:23:56',8,2022),(372,'S','2023-08-25 04:23:56','N','2023-08-25 04:23:56',9,2022),(373,'S','2023-08-25 04:23:56','N','2023-08-25 04:23:56',10,2022),(374,'S','2023-08-25 04:23:56','Y','2023-08-25 04:23:56',11,2022),(375,'S','2023-08-25 04:23:56','N','2023-08-25 04:23:56',12,2022),(376,'S','2023-08-25 04:23:56','N','2023-08-25 04:23:56',13,2022),(377,'S','2023-08-25 04:23:56','N','2023-08-25 04:23:56',14,2022),(378,'S','2023-08-25 04:23:56','N','2023-08-25 04:23:56',15,2022),(379,'I','2023-08-25 04:23:56','Y','2023-08-25 04:23:56',16,2022),(380,'I','2023-08-25 04:23:56','N','2023-08-25 04:23:56',17,2022),(381,'I','2023-08-25 04:23:56','Y','2023-08-25 04:23:56',18,2022),(382,'I','2023-08-25 04:23:56','N','2023-08-25 04:23:56',19,2022),(383,'I','2023-08-25 04:23:56','N','2023-08-25 04:23:56',20,2022),(384,'I','2023-08-25 04:23:56','Y','2023-08-25 04:23:56',21,2022),(385,'I','2023-08-25 04:23:56','N','2023-08-25 04:23:56',22,2022),(386,'E','2023-08-25 04:23:56','N','2023-08-25 04:23:56',23,2022),(387,'E','2023-08-25 04:23:56','Y','2023-08-25 04:23:56',24,2022),(388,'E','2023-08-25 04:23:56','Y','2023-08-25 04:23:56',25,2022),(389,'E','2023-08-25 04:23:56','N','2023-08-25 04:23:56',26,2022),(390,'E','2023-08-25 04:23:56','Y','2023-08-25 04:23:56',27,2022),(391,'C','2023-08-25 04:23:56','N','2023-08-25 04:23:56',138,2023),(392,'C','2023-08-25 04:23:56','N','2023-08-25 04:23:56',2,2023),(393,'S','2023-08-25 04:23:56','Y','2023-08-25 04:23:56',3,2023),(394,'S','2023-08-25 04:23:56','Y','2023-08-25 04:23:56',4,2023),(395,'C','2023-08-25 04:23:56','N','2023-08-25 04:23:56',5,2023),(396,'C','2023-08-25 04:23:56','N','2023-08-25 04:23:56',6,2023),(397,'S','2023-08-25 04:23:56','N','2023-08-25 04:23:56',7,2023),(398,'S','2023-08-25 04:23:56','N','2023-08-25 04:23:56',8,2023),(399,'S','2023-08-25 04:23:56','N','2023-08-25 04:23:56',9,2023),(400,'S','2023-08-25 04:23:56','N','2023-08-25 04:23:56',10,2023),(401,'S','2023-08-25 04:23:56','Y','2023-08-25 04:23:56',11,2023),(402,'S','2023-08-25 04:23:56','N','2023-08-25 04:23:56',12,2023),(403,'S','2023-08-25 04:23:56','N','2023-08-25 04:23:56',13,2023),(404,'S','2023-08-25 04:23:56','N','2023-08-25 04:23:56',14,2023),(405,'S','2023-08-25 04:23:56','N','2023-08-25 04:23:56',15,2023),(406,'I','2023-08-25 04:23:56','Y','2023-08-25 04:23:56',16,2023),(407,'I','2023-08-25 04:23:56','N','2023-08-25 04:23:56',17,2023),(408,'I','2023-08-25 04:23:56','Y','2023-08-25 04:23:56',18,2023),(409,'I','2023-08-25 04:23:56','N','2023-08-25 04:23:56',19,2023),(410,'I','2023-08-25 04:23:56','N','2023-08-25 04:23:56',20,2023),(411,'I','2023-08-25 04:23:56','Y','2023-08-25 04:23:56',21,2023),(412,'I','2023-08-25 04:23:56','N','2023-08-25 04:23:56',22,2023),(413,'E','2023-08-25 04:23:56','N','2023-08-25 04:23:56',23,2023),(414,'E','2023-08-25 04:23:56','Y','2023-08-25 04:23:56',24,2023),(415,'E','2023-08-25 04:23:56','Y','2023-08-25 04:23:56',25,2023),(416,'E','2023-08-25 04:23:56','N','2023-08-25 04:23:56',26,2023),(417,'E','2023-08-25 04:23:56','Y','2023-08-25 04:23:56',27,2023),(418,'C','2023-08-25 04:23:56','N','2023-08-25 04:23:56',139,2024),(419,'C','2023-08-25 04:23:56','N','2023-08-25 04:23:56',2,2024),(420,'S','2023-08-25 04:23:56','Y','2023-08-25 04:23:56',3,2024),(421,'S','2023-08-25 04:23:56','Y','2023-08-25 04:23:56',4,2024),(422,'C','2023-08-25 04:23:56','N','2023-08-25 04:23:56',5,2024),(423,'C','2023-08-25 04:23:56','N','2023-08-25 04:23:56',6,2024),(424,'S','2023-08-25 04:23:56','N','2023-08-25 04:23:56',7,2024),(425,'S','2023-08-25 04:23:56','N','2023-08-25 04:23:56',8,2024),(426,'S','2023-08-25 04:23:56','N','2023-08-25 04:23:56',9,2024),(427,'S','2023-08-25 04:23:56','N','2023-08-25 04:23:56',10,2024),(428,'S','2023-08-25 04:23:56','Y','2023-08-25 04:23:56',11,2024),(429,'S','2023-08-25 04:23:56','N','2023-08-25 04:23:56',12,2024),(430,'S','2023-08-25 04:23:56','N','2023-08-25 04:23:56',13,2024),(431,'S','2023-08-25 04:23:56','N','2023-08-25 04:23:56',14,2024),(432,'S','2023-08-25 04:23:56','N','2023-08-25 04:23:56',15,2024),(433,'I','2023-08-25 04:23:56','Y','2023-08-25 04:23:56',16,2024),(434,'I','2023-08-25 04:23:56','N','2023-08-25 04:23:56',17,2024),(435,'I','2023-08-25 04:23:56','Y','2023-08-25 04:23:56',18,2024),(436,'I','2023-08-25 04:23:56','N','2023-08-25 04:23:56',19,2024),(437,'I','2023-08-25 04:23:56','N','2023-08-25 04:23:56',20,2024),(438,'I','2023-08-25 04:23:56','Y','2023-08-25 04:23:56',21,2024),(439,'I','2023-08-25 04:23:56','N','2023-08-25 04:23:56',22,2024),(440,'E','2023-08-25 04:23:56','N','2023-08-25 04:23:56',23,2024),(441,'E','2023-08-25 04:23:56','Y','2023-08-25 04:23:56',24,2024),(442,'E','2023-08-25 04:23:56','Y','2023-08-25 04:23:56',25,2024),(443,'E','2023-08-25 04:23:56','N','2023-08-25 04:23:56',26,2024),(444,'E','2023-08-25 04:23:56','Y','2023-08-25 04:23:56',27,2024),(445,'C','2023-08-25 04:23:56','N','2023-08-25 04:23:56',139,2025),(446,'C','2023-08-25 04:23:56','N','2023-08-25 04:23:56',2,2025),(447,'S','2023-08-25 04:23:56','Y','2023-08-25 04:23:56',3,2025),(448,'S','2023-08-25 04:23:56','Y','2023-08-25 04:23:56',4,2025),(449,'C','2023-08-25 04:23:56','N','2023-08-25 04:23:56',5,2025),(450,'C','2023-08-25 04:23:56','N','2023-08-25 04:23:56',6,2025),(451,'S','2023-08-25 04:23:56','N','2023-08-25 04:23:56',7,2025),(452,'S','2023-08-25 04:23:56','N','2023-08-25 04:23:56',8,2025),(453,'S','2023-08-25 04:23:56','N','2023-08-25 04:23:56',9,2025),(454,'S','2023-08-25 04:23:56','N','2023-08-25 04:23:56',10,2025),(455,'S','2023-08-25 04:23:56','Y','2023-08-25 04:23:56',11,2025),(456,'S','2023-08-25 04:23:56','N','2023-08-25 04:23:56',12,2025),(457,'S','2023-08-25 04:23:56','N','2023-08-25 04:23:56',13,2025),(458,'S','2023-08-25 04:23:56','N','2023-08-25 04:23:56',14,2025),(459,'S','2023-08-25 04:23:56','N','2023-08-25 04:23:56',15,2025),(460,'I','2023-08-25 04:23:56','Y','2023-08-25 04:23:56',16,2025),(461,'I','2023-08-25 04:23:56','N','2023-08-25 04:23:56',17,2025),(462,'I','2023-08-25 04:23:56','Y','2023-08-25 04:23:56',18,2025),(463,'I','2023-08-25 04:23:56','N','2023-08-25 04:23:56',19,2025),(464,'I','2023-08-25 04:23:56','N','2023-08-25 04:23:56',20,2025),(465,'I','2023-08-25 04:23:56','Y','2023-08-25 04:23:56',21,2025),(466,'I','2023-08-25 04:23:56','N','2023-08-25 04:23:56',22,2025),(467,'E','2023-08-25 04:23:56','N','2023-08-25 04:23:56',23,2025),(468,'E','2023-08-25 04:23:56','Y','2023-08-25 04:23:56',24,2025),(469,'E','2023-08-25 04:23:56','Y','2023-08-25 04:23:56',25,2025),(470,'E','2023-08-25 04:23:56','N','2023-08-25 04:23:56',26,2025),(471,'E','2023-08-25 04:23:56','Y','2023-08-25 04:23:56',27,2025),(472,'C','2023-08-25 04:23:56','N','2023-08-25 04:23:56',1,1021),(473,'C','2023-08-25 04:23:56','N','2023-08-25 04:23:56',2,1021),(474,'S','2023-08-25 04:23:56','Y','2023-08-25 04:23:56',3,1021),(475,'S','2023-08-25 04:23:56','Y','2023-08-25 04:23:56',4,1021),(476,'C','2023-08-25 04:23:56','N','2023-08-25 04:23:56',5,1021),(477,'C','2023-08-25 04:23:56','N','2023-08-25 04:23:56',6,1021),(478,'S','2023-08-25 04:23:56','N','2023-08-25 04:23:56',7,1021),(479,'S','2023-08-25 04:23:56','N','2023-08-25 04:23:56',8,1021),(480,'S','2023-08-25 04:23:56','N','2023-08-25 04:23:56',9,1021),(481,'S','2023-08-25 04:23:56','N','2023-08-25 04:23:56',10,1021),(482,'S','2023-08-25 04:23:56','N','2023-08-25 04:23:56',11,1021),(483,'S','2023-08-25 04:23:56','N','2023-08-25 04:23:56',12,1021),(484,'S','2023-08-25 04:23:56','N','2023-08-25 04:23:56',13,1021),(485,'S','2023-08-25 04:23:56','N','2023-08-25 04:23:56',14,1021),(486,'S','2023-08-25 04:23:56','N','2023-08-25 04:23:56',15,1021),(487,'I','2023-08-25 04:23:56','Y','2023-08-25 04:23:56',16,1021),(488,'I','2023-08-25 04:23:56','N','2023-08-25 04:23:56',17,1021),(489,'I','2023-08-25 04:23:56','N','2023-08-25 04:23:56',18,1021),(490,'I','2023-08-25 04:23:56','N','2023-08-25 04:23:56',19,1021),(491,'I','2023-08-25 04:23:56','N','2023-08-25 04:23:56',20,1021),(492,'I','2023-08-25 04:23:56','Y','2023-08-25 04:23:56',21,1021),(493,'I','2023-08-25 04:23:56','N','2023-08-25 04:23:56',22,1021),(494,'E','2023-08-25 04:23:56','N','2023-08-25 04:23:56',23,1021),(495,'E','2023-08-25 04:23:56','Y','2023-08-25 04:23:56',24,1021),(496,'E','2023-08-25 04:23:56','N','2023-08-25 04:23:56',25,1021),(497,'E','2023-08-25 04:23:56','N','2023-08-25 04:23:56',26,1021),(498,'E','2023-08-25 04:23:56','Y','2023-08-25 04:23:56',27,1021),(499,'C','2023-08-25 04:23:56','N','2023-08-25 04:23:56',1,1022),(500,'C','2023-08-25 04:23:56','N','2023-08-25 04:23:56',2,1022),(501,'C','2023-08-25 04:23:56','N','2023-08-25 04:23:56',3,1022),(502,'C','2023-08-25 04:23:56','N','2023-08-25 04:23:56',4,1022),(503,'C','2023-08-25 04:23:56','N','2023-08-25 04:23:56',5,1022),(504,'C','2023-08-25 04:23:56','N','2023-08-25 04:23:56',6,1022),(505,'S','2023-08-25 04:23:56','N','2023-08-25 04:23:56',7,1022),(506,'S','2023-08-25 04:23:56','N','2023-08-25 04:23:56',8,1022),(507,'S','2023-08-25 04:23:56','N','2023-08-25 04:23:56',9,1022),(508,'S','2023-08-25 04:23:56','N','2023-08-25 04:23:56',10,1022),(509,'S','2023-08-25 04:23:56','N','2023-08-25 04:23:56',11,1022),(510,'S','2023-08-25 04:23:56','N','2023-08-25 04:23:56',12,1022),(511,'S','2023-08-25 04:23:56','N','2023-08-25 04:23:56',13,1022),(512,'S','2023-08-25 04:23:56','N','2023-08-25 04:23:56',14,1022),(513,'S','2023-08-25 04:23:56','N','2023-08-25 04:23:56',15,1022),(514,'I','2023-08-25 04:23:56','Y','2023-08-25 04:23:56',16,1022),(515,'I','2023-08-25 04:23:56','N','2023-08-25 04:23:56',17,1022),(516,'I','2023-08-25 04:23:56','N','2023-08-25 04:23:56',18,1022),(517,'I','2023-08-25 04:23:56','N','2023-08-25 04:23:56',19,1022),(518,'I','2023-08-25 04:23:56','Y','2023-08-25 04:23:56',20,1022),(519,'I','2023-08-25 04:23:56','Y','2023-08-25 04:23:56',21,1022),(520,'I','2023-08-25 04:23:56','N','2023-08-25 04:23:56',22,1022),(521,'E','2023-08-25 04:23:56','N','2023-08-25 04:23:56',23,1022),(522,'E','2023-08-25 04:23:56','Y','2023-08-25 04:23:56',24,1022),(523,'E','2023-08-25 04:23:56','N','2023-08-25 04:23:56',25,1022),(524,'E','2023-08-25 04:23:56','Y','2023-08-25 04:23:56',26,1022),(525,'E','2023-08-25 04:23:56','Y','2023-08-25 04:23:56',27,1022),(526,'C','2023-08-25 04:23:56','N','2023-08-25 04:23:56',1,1022),(527,'C','2023-08-25 04:23:56','N','2023-08-25 04:23:56',2,1022),(528,'C','2023-08-25 04:23:56','N','2023-08-25 04:23:56',3,1022),(529,'C','2023-08-25 04:23:56','N','2023-08-25 04:23:56',4,1022),(530,'C','2023-08-25 04:23:56','N','2023-08-25 04:23:56',5,1022),(531,'C','2023-08-25 04:23:56','N','2023-08-25 04:23:56',6,1022),(532,'S','2023-08-25 04:23:56','N','2023-08-25 04:23:56',7,1022),(533,'S','2023-08-25 04:23:56','N','2023-08-25 04:23:56',8,1022),(534,'S','2023-08-25 04:23:56','N','2023-08-25 04:23:56',9,1022),(535,'S','2023-08-25 04:23:56','N','2023-08-25 04:23:56',10,1022),(536,'S','2023-08-25 04:23:56','N','2023-08-25 04:23:56',11,1022),(537,'S','2023-08-25 04:23:56','N','2023-08-25 04:23:56',12,1022),(538,'S','2023-08-25 04:23:56','N','2023-08-25 04:23:56',13,1022),(539,'S','2023-08-25 04:23:56','Y','2023-08-25 04:23:56',14,1022),(540,'S','2023-08-25 04:23:56','N','2023-08-25 04:23:56',15,1022),(541,'I','2023-08-25 04:23:56','Y','2023-08-25 04:23:56',16,1022),(542,'I','2023-08-25 04:23:56','N','2023-08-25 04:23:56',17,1022),(543,'I','2023-08-25 04:23:56','N','2023-08-25 04:23:56',18,1022),(544,'I','2023-08-25 04:23:56','N','2023-08-25 04:23:56',19,1022),(545,'I','2023-08-25 04:23:56','Y','2023-08-25 04:23:56',20,1022),(546,'I','2023-08-25 04:23:56','Y','2023-08-25 04:23:56',21,1022),(547,'I','2023-08-25 04:23:56','N','2023-08-25 04:23:56',22,1022),(548,'E','2023-08-25 04:23:56','N','2023-08-25 04:23:56',23,1022),(549,'E','2023-08-25 04:23:56','Y','2023-08-25 04:23:56',24,1022),(550,'E','2023-08-25 04:23:56','N','2023-08-25 04:23:56',25,1022),(551,'E','2023-08-25 04:23:56','Y','2023-08-25 04:23:56',26,1022),(552,'E','2023-08-25 04:23:56','Y','2023-08-25 04:23:56',27,1022),(553,'C','2023-08-25 04:23:56','N','2023-08-25 04:23:56',1,1023),(554,'C','2023-08-25 04:23:56','N','2023-08-25 04:23:56',2,1023),(555,'C','2023-08-25 04:23:56','N','2023-08-25 04:23:56',3,1023),(556,'C','2023-08-25 04:23:56','N','2023-08-25 04:23:56',4,1023),(557,'C','2023-08-25 04:23:56','N','2023-08-25 04:23:56',5,1023),(558,'C','2023-08-25 04:23:56','N','2023-08-25 04:23:56',6,1023),(559,'S','2023-08-25 04:23:56','N','2023-08-25 04:23:56',7,1023),(560,'S','2023-08-25 04:23:56','N','2023-08-25 04:23:56',8,1023),(561,'S','2023-08-25 04:23:56','N','2023-08-25 04:23:56',9,1023),(562,'S','2023-08-25 04:23:56','N','2023-08-25 04:23:56',10,1023),(563,'S','2023-08-25 04:23:56','N','2023-08-25 04:23:56',11,1023),(564,'S','2023-08-25 04:23:56','N','2023-08-25 04:23:56',12,1023),(565,'S','2023-08-25 04:23:56','N','2023-08-25 04:23:56',13,1023),(566,'S','2023-08-25 04:23:56','Y','2023-08-25 04:23:56',14,1023),(567,'S','2023-08-25 04:23:56','N','2023-08-25 04:23:56',15,1023),(568,'I','2023-08-25 04:23:56','Y','2023-08-25 04:23:56',16,1023),(569,'I','2023-08-25 04:23:56','N','2023-08-25 04:23:56',17,1023),(570,'I','2023-08-25 04:23:56','N','2023-08-25 04:23:56',18,1023),(571,'I','2023-08-25 04:23:56','N','2023-08-25 04:23:56',19,1023),(572,'I','2023-08-25 04:23:56','Y','2023-08-25 04:23:56',20,1023),(573,'I','2023-08-25 04:23:56','Y','2023-08-25 04:23:56',21,1023),(574,'I','2023-08-25 04:23:56','N','2023-08-25 04:23:56',22,1023),(575,'E','2023-08-25 04:23:56','N','2023-08-25 04:23:56',23,1023),(576,'E','2023-08-25 04:23:56','Y','2023-08-25 04:23:56',24,1023),(577,'E','2023-08-25 04:23:56','N','2023-08-25 04:23:56',25,1023),(578,'E','2023-08-25 04:23:56','Y','2023-08-25 04:23:56',26,1023),(579,'E','2023-08-25 04:23:56','Y','2023-08-25 04:23:56',27,1023),(580,'C','2023-08-25 04:23:56','N','2023-08-25 04:23:56',1,1024),(581,'C','2023-08-25 04:23:56','N','2023-08-25 04:23:56',2,1024),(582,'C','2023-08-25 04:23:56','N','2023-08-25 04:23:56',3,1024),(583,'C','2023-08-25 04:23:56','N','2023-08-25 04:23:56',4,1024),(584,'C','2023-08-25 04:23:56','N','2023-08-25 04:23:56',5,1024),(585,'C','2023-08-25 04:23:56','N','2023-08-25 04:23:56',6,1024),(586,'S','2023-08-25 04:23:56','N','2023-08-25 04:23:56',7,1024),(587,'S','2023-08-25 04:23:56','N','2023-08-25 04:23:56',8,1024),(588,'S','2023-08-25 04:23:56','N','2023-08-25 04:23:56',9,1024),(589,'S','2023-08-25 04:23:56','N','2023-08-25 04:23:56',10,1024),(590,'S','2023-08-25 04:23:56','N','2023-08-25 04:23:56',11,1024),(591,'S','2023-08-25 04:23:56','N','2023-08-25 04:23:56',12,1024),(592,'S','2023-08-25 04:23:56','N','2023-08-25 04:23:56',13,1024),(593,'S','2023-08-25 04:23:56','N','2023-08-25 04:23:56',14,1024),(594,'S','2023-08-25 04:23:56','N','2023-08-25 04:23:56',15,1024),(595,'I','2023-08-25 04:23:56','Y','2023-08-25 04:23:56',16,1024),(596,'I','2023-08-25 04:23:56','N','2023-08-25 04:23:56',17,1024),(597,'I','2023-08-25 04:23:56','N','2023-08-25 04:23:56',18,1024),(598,'I','2023-08-25 04:23:56','N','2023-08-25 04:23:56',19,1024),(599,'I','2023-08-25 04:23:56','N','2023-08-25 04:23:56',20,1024),(600,'I','2023-08-25 04:23:56','N','2023-08-25 04:23:56',21,1024),(601,'I','2023-08-25 04:23:56','N','2023-08-25 04:23:56',22,1024),(602,'E','2023-08-25 04:23:56','N','2023-08-25 04:23:56',23,1024),(603,'E','2023-08-25 04:23:56','Y','2023-08-25 04:23:56',24,1024),(604,'E','2023-08-25 04:23:56','N','2023-08-25 04:23:56',25,1024),(605,'E','2023-08-25 04:23:56','N','2023-08-25 04:23:56',26,1024),(606,'E','2023-08-25 04:23:56','N','2023-08-25 04:23:56',27,1024),(607,'C','2023-08-25 04:23:56','N','2023-08-25 04:23:56',1,1025),(608,'C','2023-08-25 04:23:56','N','2023-08-25 04:23:56',2,1025),(609,'C','2023-08-25 04:23:56','N','2023-08-25 04:23:56',3,1025),(610,'C','2023-08-25 04:23:56','N','2023-08-25 04:23:56',4,1025),(611,'C','2023-08-25 04:23:56','N','2023-08-25 04:23:56',5,1025),(612,'C','2023-08-25 04:23:56','N','2023-08-25 04:23:56',6,1025),(613,'S','2023-08-25 04:23:56','N','2023-08-25 04:23:56',7,1025),(614,'S','2023-08-25 04:23:56','N','2023-08-25 04:23:56',8,1025),(615,'S','2023-08-25 04:23:56','N','2023-08-25 04:23:56',9,1025),(616,'S','2023-08-25 04:23:56','N','2023-08-25 04:23:56',10,1025),(617,'S','2023-08-25 04:23:56','N','2023-08-25 04:23:56',11,1025),(618,'S','2023-08-25 04:23:56','N','2023-08-25 04:23:56',12,1025),(619,'S','2023-08-25 04:23:56','N','2023-08-25 04:23:56',13,1025),(620,'S','2023-08-25 04:23:56','N','2023-08-25 04:23:56',14,1025),(621,'S','2023-08-25 04:23:56','N','2023-08-25 04:23:56',15,1025),(622,'I','2023-08-25 04:23:56','N','2023-08-25 04:23:56',16,1025),(623,'I','2023-08-25 04:23:56','N','2023-08-25 04:23:56',17,1025),(624,'I','2023-08-25 04:23:56','N','2023-08-25 04:23:56',18,1025),(625,'I','2023-08-25 04:23:56','N','2023-08-25 04:23:56',19,1025),(626,'I','2023-08-25 04:23:56','N','2023-08-25 04:23:56',20,1025),(627,'I','2023-08-25 04:23:56','Y','2023-08-25 04:23:56',21,1025),(628,'I','2023-08-25 04:23:56','N','2023-08-25 04:23:56',22,1025),(629,'E','2023-08-25 04:23:56','N','2023-08-25 04:23:56',23,1025),(630,'E','2023-08-25 04:23:56','N','2023-08-25 04:23:56',24,1025),(631,'E','2023-08-25 04:23:56','N','2023-08-25 04:23:56',25,1025),(632,'E','2023-08-25 04:23:56','N','2023-08-25 04:23:56',26,1025),(633,'E','2023-08-25 04:23:56','N','2023-08-25 04:23:56',27,1025),(634,'C','2023-08-25 04:23:56','N','2023-08-25 04:23:56',1,1026),(635,'C','2023-08-25 04:23:56','N','2023-08-25 04:23:56',2,1026),(636,'C','2023-08-25 04:23:56','N','2023-08-25 04:23:56',3,1026),(637,'C','2023-08-25 04:23:56','N','2023-08-25 04:23:56',4,1026),(638,'C','2023-08-25 04:23:56','N','2023-08-25 04:23:56',5,1026),(639,'C','2023-08-25 04:23:56','N','2023-08-25 04:23:56',6,1026),(640,'S','2023-08-25 04:23:56','N','2023-08-25 04:23:56',7,1026),(641,'S','2023-08-25 04:23:56','N','2023-08-25 04:23:56',8,1026),(642,'S','2023-08-25 04:23:56','N','2023-08-25 04:23:56',9,1026),(643,'S','2023-08-25 04:23:56','N','2023-08-25 04:23:56',10,1026),(644,'S','2023-08-25 04:23:56','N','2023-08-25 04:23:56',11,1026),(645,'S','2023-08-25 04:23:56','N','2023-08-25 04:23:56',12,1026),(646,'S','2023-08-25 04:23:56','N','2023-08-25 04:23:56',13,1026),(647,'S','2023-08-25 04:23:56','N','2023-08-25 04:23:56',14,1026),(648,'S','2023-08-25 04:23:56','N','2023-08-25 04:23:56',15,1026),(649,'I','2023-08-25 04:23:56','Y','2023-08-25 04:23:56',16,1026),(650,'I','2023-08-25 04:23:56','N','2023-08-25 04:23:56',17,1026),(651,'I','2023-08-25 04:23:56','N','2023-08-25 04:23:56',18,1026),(652,'I','2023-08-25 04:23:56','N','2023-08-25 04:23:56',19,1026),(653,'I','2023-08-25 04:23:56','N','2023-08-25 04:23:56',20,1026),(654,'I','2023-08-25 04:23:56','N','2023-08-25 04:23:56',21,1026),(655,'I','2023-08-25 04:23:56','N','2023-08-25 04:23:56',22,1026),(656,'E','2023-08-25 04:23:56','N','2023-08-25 04:23:56',23,1026),(657,'E','2023-08-25 04:23:56','N','2023-08-25 04:23:56',24,1026),(658,'E','2023-08-25 04:23:56','N','2023-08-25 04:23:56',25,1026),(659,'E','2023-08-25 04:23:56','N','2023-08-25 04:23:56',26,1026),(660,'E','2023-08-25 04:23:56','Y','2023-08-25 04:23:56',27,1026),(661,'C','2023-08-25 04:23:56','N','2023-08-25 04:23:56',1,1027),(662,'C','2023-08-25 04:23:56','N','2023-08-25 04:23:56',2,1027),(663,'S','2023-08-25 04:23:56','Y','2023-08-25 04:23:56',3,1027),(664,'S','2023-08-25 04:23:56','Y','2023-08-25 04:23:56',4,1027),(665,'C','2023-08-25 04:23:56','N','2023-08-25 04:23:56',5,1027),(666,'C','2023-08-25 04:23:56','N','2023-08-25 04:23:56',6,1027),(667,'S','2023-08-25 04:23:56','N','2023-08-25 04:23:56',7,1027),(668,'S','2023-08-25 04:23:56','N','2023-08-25 04:23:56',8,1027),(669,'S','2023-08-25 04:23:56','N','2023-08-25 04:23:56',9,1027),(670,'S','2023-08-25 04:23:56','N','2023-08-25 04:23:56',10,1027),(671,'S','2023-08-25 04:23:56','N','2023-08-25 04:23:56',11,1027),(672,'S','2023-08-25 04:23:56','N','2023-08-25 04:23:56',12,1027),(673,'S','2023-08-25 04:23:56','N','2023-08-25 04:23:56',13,1027),(674,'S','2023-08-25 04:23:56','N','2023-08-25 04:23:56',14,1027),(675,'S','2023-08-25 04:23:56','N','2023-08-25 04:23:56',15,1027),(676,'I','2023-08-25 04:23:56','N','2023-08-25 04:23:56',16,1027),(677,'I','2023-08-25 04:23:56','N','2023-08-25 04:23:56',17,1027),(678,'I','2023-08-25 04:23:56','N','2023-08-25 04:23:56',18,1027),(679,'I','2023-08-25 04:23:56','N','2023-08-25 04:23:56',19,1027),(680,'I','2023-08-25 04:23:56','N','2023-08-25 04:23:56',20,1027),(681,'I','2023-08-25 04:23:56','N','2023-08-25 04:23:56',21,1027),(682,'I','2023-08-25 04:23:56','N','2023-08-25 04:23:56',22,1027),(683,'E','2023-08-25 04:23:56','N','2023-08-25 04:23:56',23,1027),(684,'E','2023-08-25 04:23:56','N','2023-08-25 04:23:56',24,1027),(685,'E','2023-08-25 04:23:56','N','2023-08-25 04:23:56',25,1027),(686,'E','2023-08-25 04:23:56','N','2023-08-25 04:23:56',26,1027),(687,'E','2023-08-25 04:23:56','N','2023-08-25 04:23:56',27,1027),(688,'C','2023-08-25 04:23:56','N','2023-08-25 04:23:56',1,1028),(689,'C','2023-08-25 04:23:56','N','2023-08-25 04:23:56',2,1028),(690,'S','2023-08-25 04:23:56','Y','2023-08-25 04:23:56',3,1028),(691,'S','2023-08-25 04:23:56','Y','2023-08-25 04:23:56',4,1028),(692,'C','2023-08-25 04:23:56','N','2023-08-25 04:23:56',5,1028),(693,'C','2023-08-25 04:23:56','N','2023-08-25 04:23:56',6,1028),(694,'S','2023-08-25 04:23:56','N','2023-08-25 04:23:56',7,1028),(695,'S','2023-08-25 04:23:56','N','2023-08-25 04:23:56',8,1028),(696,'S','2023-08-25 04:23:56','N','2023-08-25 04:23:56',9,1028),(697,'S','2023-08-25 04:23:56','N','2023-08-25 04:23:56',10,1028),(698,'S','2023-08-25 04:23:56','N','2023-08-25 04:23:56',11,1028),(699,'S','2023-08-25 04:23:56','N','2023-08-25 04:23:56',12,1028),(700,'S','2023-08-25 04:23:56','N','2023-08-25 04:23:56',13,1028),(701,'S','2023-08-25 04:23:56','N','2023-08-25 04:23:56',14,1028),(702,'S','2023-08-25 04:23:56','N','2023-08-25 04:23:56',15,1028),(703,'I','2023-08-25 04:23:56','N','2023-08-25 04:23:56',16,1028),(704,'I','2023-08-25 04:23:56','N','2023-08-25 04:23:56',17,1028),(705,'I','2023-08-25 04:23:56','N','2023-08-25 04:23:56',18,1028),(706,'I','2023-08-25 04:23:56','N','2023-08-25 04:23:56',19,1028),(707,'I','2023-08-25 04:23:56','N','2023-08-25 04:23:56',20,1028),(708,'I','2023-08-25 04:23:56','N','2023-08-25 04:23:56',21,1028),(709,'I','2023-08-25 04:23:56','N','2023-08-25 04:23:56',22,1028),(710,'E','2023-08-25 04:23:56','N','2023-08-25 04:23:56',23,1028),(711,'E','2023-08-25 04:23:56','N','2023-08-25 04:23:56',24,1028),(712,'E','2023-08-25 04:23:56','Y','2023-08-25 04:23:56',25,1028),(713,'E','2023-08-25 04:23:56','N','2023-08-25 04:23:56',26,1028),(714,'E','2023-08-25 04:23:56','N','2023-08-25 04:23:56',27,1028),(715,'C','2023-08-25 04:23:56','N','2023-08-25 04:23:56',1,1041),(716,'C','2023-08-25 04:23:56','N','2023-08-25 04:23:56',2,1041),(717,'S','2023-08-25 04:23:56','Y','2023-08-25 04:23:56',3,1041),(718,'S','2023-08-25 04:23:56','Y','2023-08-25 04:23:56',4,1041),(719,'C','2023-08-25 04:23:56','N','2023-08-25 04:23:56',5,1041),(720,'C','2023-08-25 04:23:56','N','2023-08-25 04:23:56',6,1041),(721,'S','2023-08-25 04:23:56','N','2023-08-25 04:23:56',7,1041),(722,'S','2023-08-25 04:23:56','N','2023-08-25 04:23:56',8,1041),(723,'S','2023-08-25 04:23:56','N','2023-08-25 04:23:56',9,1041),(724,'S','2023-08-25 04:23:56','N','2023-08-25 04:23:56',10,1041),(725,'S','2023-08-25 04:23:56','N','2023-08-25 04:23:56',11,1041),(726,'S','2023-08-25 04:23:56','N','2023-08-25 04:23:56',12,1041),(727,'S','2023-08-25 04:23:56','N','2023-08-25 04:23:56',13,1041),(728,'S','2023-08-25 04:23:56','Y','2023-08-25 04:23:56',14,1041),(729,'S','2023-08-25 04:23:56','N','2023-08-25 04:23:56',15,1041),(730,'I','2023-08-25 04:23:56','Y','2023-08-25 04:23:56',16,1041),(731,'I','2023-08-25 04:23:56','N','2023-08-25 04:23:56',17,1041),(732,'I','2023-08-25 04:23:56','N','2023-08-25 04:23:56',18,1041),(733,'I','2023-08-25 04:23:56','N','2023-08-25 04:23:56',19,1041),(734,'I','2023-08-25 04:23:56','Y','2023-08-25 04:23:56',20,1041),(735,'I','2023-08-25 04:23:56','Y','2023-08-25 04:23:56',21,1041),(736,'I','2023-08-25 04:23:56','N','2023-08-25 04:23:56',22,1041),(737,'E','2023-08-25 04:23:56','N','2023-08-25 04:23:56',23,1041),(738,'E','2023-08-25 04:23:56','Y','2023-08-25 04:23:56',24,1041),(739,'E','2023-08-25 04:23:56','Y','2023-08-25 04:23:56',25,1041),(740,'E','2023-08-25 04:23:56','Y','2023-08-25 04:23:56',26,1041),(741,'E','2023-08-25 04:23:56','Y','2023-08-25 04:23:56',27,1041),(742,'C','2023-08-25 04:23:56','N','2023-08-25 04:23:56',1,1042),(743,'C','2023-08-25 04:23:56','N','2023-08-25 04:23:56',2,1042),(744,'S','2023-08-25 04:23:56','Y','2023-08-25 04:23:56',3,1042),(745,'S','2023-08-25 04:23:56','Y','2023-08-25 04:23:56',4,1042),(746,'C','2023-08-25 04:23:56','N','2023-08-25 04:23:56',5,1042),(747,'C','2023-08-25 04:23:56','N','2023-08-25 04:23:56',6,1042),(748,'S','2023-08-25 04:23:56','N','2023-08-25 04:23:56',7,1042),(749,'S','2023-08-25 04:23:56','N','2023-08-25 04:23:56',8,1042),(750,'S','2023-08-25 04:23:56','N','2023-08-25 04:23:56',9,1042),(751,'S','2023-08-25 04:23:56','N','2023-08-25 04:23:56',10,1042),(752,'S','2023-08-25 04:23:56','N','2023-08-25 04:23:56',11,1042),(753,'S','2023-08-25 04:23:56','N','2023-08-25 04:23:56',12,1042),(754,'S','2023-08-25 04:23:56','N','2023-08-25 04:23:56',13,1042),(755,'S','2023-08-25 04:23:56','Y','2023-08-25 04:23:56',14,1042),(756,'S','2023-08-25 04:23:56','N','2023-08-25 04:23:56',15,1042),(757,'I','2023-08-25 04:23:56','Y','2023-08-25 04:23:56',16,1042),(758,'I','2023-08-25 04:23:56','N','2023-08-25 04:23:56',17,1042),(759,'I','2023-08-25 04:23:56','N','2023-08-25 04:23:56',18,1042),(760,'I','2023-08-25 04:23:56','N','2023-08-25 04:23:56',19,1042),(761,'I','2023-08-25 04:23:56','Y','2023-08-25 04:23:56',20,1042),(762,'I','2023-08-25 04:23:56','Y','2023-08-25 04:23:56',21,1042),(763,'I','2023-08-25 04:23:56','N','2023-08-25 04:23:56',22,1042),(764,'E','2023-08-25 04:23:56','N','2023-08-25 04:23:56',23,1042),(765,'E','2023-08-25 04:23:56','Y','2023-08-25 04:23:56',24,1042),(766,'E','2023-08-25 04:23:56','N','2023-08-25 04:23:56',25,1042),(767,'E','2023-08-25 04:23:56','Y','2023-08-25 04:23:56',26,1042),(768,'E','2023-08-25 04:23:56','Y','2023-08-25 04:23:56',27,1042),(769,'C','2023-08-25 04:23:56','N','2023-08-25 04:23:56',1,3031),(770,'C','2023-08-25 04:23:56','N','2023-08-25 04:23:56',2,3031),(771,'S','2023-08-25 04:23:56','Y','2023-08-25 04:23:56',3,3031),(772,'C','2023-08-25 04:23:56','N','2023-08-25 04:23:56',4,3031),(773,'C','2023-08-25 04:23:56','N','2023-08-25 04:23:56',5,3031),(774,'C','2023-08-25 04:23:56','N','2023-08-25 04:23:56',6,3031),(775,'S','2023-08-25 04:23:56','N','2023-08-25 04:23:56',7,3031),(776,'S','2023-08-25 04:23:56','N','2023-08-25 04:23:56',8,3031),(777,'S','2023-08-25 04:23:56','N','2023-08-25 04:23:56',9,3031),(778,'S','2023-08-25 04:23:56','N','2023-08-25 04:23:56',10,3031),(779,'S','2023-08-25 04:23:56','Y','2023-08-25 04:23:56',11,3031),(780,'S','2023-08-25 04:23:56','N','2023-08-25 04:23:56',12,3031),(781,'S','2023-08-25 04:23:56','N','2023-08-25 04:23:56',13,3031),(782,'S','2023-08-25 04:23:56','N','2023-08-25 04:23:56',14,3031),(783,'S','2023-08-25 04:23:56','N','2023-08-25 04:23:56',15,3031),(784,'I','2023-08-25 04:23:56','Y','2023-08-25 04:23:56',16,3031),(785,'I','2023-08-25 04:23:56','N','2023-08-25 04:23:56',17,3031),(786,'I','2023-08-25 04:23:56','N','2023-08-25 04:23:56',18,3031),(787,'I','2023-08-25 04:23:56','N','2023-08-25 04:23:56',19,3031),(788,'I','2023-08-25 04:23:56','N','2023-08-25 04:23:56',20,3031),(789,'I','2023-08-25 04:23:56','N','2023-08-25 04:23:56',21,3031),(790,'I','2023-08-25 04:23:56','N','2023-08-25 04:23:56',22,3031),(791,'E','2023-08-25 04:23:56','N','2023-08-25 04:23:56',23,3031),(792,'E','2023-08-25 04:23:56','N','2023-08-25 04:23:56',24,3031),(793,'E','2023-08-25 04:23:56','N','2023-08-25 04:23:56',25,3031),(794,'E','2023-08-25 04:23:56','N','2023-08-25 04:23:56',26,3031),(795,'E','2023-08-25 04:23:56','N','2023-08-25 04:23:56',27,3031),(796,'C','2023-08-25 04:23:56','N','2023-08-25 04:23:56',1,3032),(797,'C','2023-08-25 04:23:56','N','2023-08-25 04:23:56',2,3032),(798,'S','2023-08-25 04:23:56','Y','2023-08-25 04:23:56',3,3032),(799,'S','2023-08-25 04:23:56','Y','2023-08-25 04:23:56',4,3032),(800,'C','2023-08-25 04:23:56','N','2023-08-25 04:23:56',5,3032),(801,'C','2023-08-25 04:23:56','N','2023-08-25 04:23:56',6,3032),(802,'S','2023-08-25 04:23:56','N','2023-08-25 04:23:56',7,3032),(803,'S','2023-08-25 04:23:56','N','2023-08-25 04:23:56',8,3032),(804,'S','2023-08-25 04:23:56','N','2023-08-25 04:23:56',9,3032),(805,'S','2023-08-25 04:23:56','N','2023-08-25 04:23:56',10,3032),(806,'S','2023-08-25 04:23:56','N','2023-08-25 04:23:56',11,3032),(807,'S','2023-08-25 04:23:56','N','2023-08-25 04:23:56',12,3032),(808,'S','2023-08-25 04:23:56','N','2023-08-25 04:23:56',13,3032),(809,'S','2023-08-25 04:23:56','N','2023-08-25 04:23:56',14,3032),(810,'S','2023-08-25 04:23:56','N','2023-08-25 04:23:56',15,3032),(811,'I','2023-08-25 04:23:56','N','2023-08-25 04:23:56',16,3032),(812,'I','2023-08-25 04:23:56','N','2023-08-25 04:23:56',17,3032),(813,'I','2023-08-25 04:23:56','N','2023-08-25 04:23:56',18,3032),(814,'I','2023-08-25 04:23:56','N','2023-08-25 04:23:56',19,3032),(815,'I','2023-08-25 04:23:56','N','2023-08-25 04:23:56',20,3032),(816,'I','2023-08-25 04:23:56','N','2023-08-25 04:23:56',21,3032),(817,'I','2023-08-25 04:23:56','N','2023-08-25 04:23:56',22,3032),(818,'E','2023-08-25 04:23:56','N','2023-08-25 04:23:56',23,3032),(819,'E','2023-08-25 04:23:56','N','2023-08-25 04:23:56',24,3032),(820,'E','2023-08-25 04:23:56','N','2023-08-25 04:23:56',25,3032),(821,'E','2023-08-25 04:23:56','N','2023-08-25 04:23:56',26,3032),(822,'E','2023-08-25 04:23:56','Y','2023-08-25 04:23:56',27,3032),(823,'C','2023-08-25 04:23:56','N','2023-08-25 04:23:56',1,3033),(824,'C','2023-08-25 04:23:56','N','2023-08-25 04:23:56',2,3033),(825,'C','2023-08-25 04:23:56','N','2023-08-25 04:23:56',3,3033),(826,'C','2023-08-25 04:23:56','N','2023-08-25 04:23:56',4,3033),(827,'C','2023-08-25 04:23:56','N','2023-08-25 04:23:56',5,3033),(828,'C','2023-08-25 04:23:56','N','2023-08-25 04:23:56',6,3033),(829,'S','2023-08-25 04:23:56','N','2023-08-25 04:23:56',7,3033),(830,'S','2023-08-25 04:23:56','N','2023-08-25 04:23:56',8,3033),(831,'S','2023-08-25 04:23:56','N','2023-08-25 04:23:56',9,3033),(832,'S','2023-08-25 04:23:56','N','2023-08-25 04:23:56',10,3033),(833,'S','2023-08-25 04:23:56','N','2023-08-25 04:23:56',11,3033),(834,'S','2023-08-25 04:23:56','N','2023-08-25 04:23:56',12,3033),(835,'S','2023-08-25 04:23:56','N','2023-08-25 04:23:56',13,3033),(836,'S','2023-08-25 04:23:56','N','2023-08-25 04:23:56',14,3033),(837,'S','2023-08-25 04:23:56','N','2023-08-25 04:23:56',15,3033),(838,'I','2023-08-25 04:23:56','N','2023-08-25 04:23:56',16,3033),(839,'I','2023-08-25 04:23:56','N','2023-08-25 04:23:56',17,3033),(840,'I','2023-08-25 04:23:56','N','2023-08-25 04:23:56',18,3033),(841,'I','2023-08-25 04:23:56','N','2023-08-25 04:23:56',19,3033),(842,'I','2023-08-25 04:23:56','N','2023-08-25 04:23:56',20,3033),(843,'I','2023-08-25 04:23:56','Y','2023-08-25 04:23:56',21,3033),(844,'I','2023-08-25 04:23:56','N','2023-08-25 04:23:56',22,3033),(845,'E','2023-08-25 04:23:56','N','2023-08-25 04:23:56',23,3033),(846,'E','2023-08-25 04:23:56','Y','2023-08-25 04:23:56',24,3033),(847,'E','2023-08-25 04:23:56','Y','2023-08-25 04:23:56',25,3033),(848,'E','2023-08-25 04:23:56','N','2023-08-25 04:23:56',26,3033),(849,'E','2023-08-25 04:23:56','N','2023-08-25 04:23:56',27,3033),(850,'C','2023-08-25 04:23:56','N','2023-08-25 04:23:56',1,3034),(851,'C','2023-08-25 04:23:56','N','2023-08-25 04:23:56',2,3034),(852,'S','2023-08-25 04:23:56','Y','2023-08-25 04:23:56',3,3034),(853,'C','2023-08-25 04:23:56','N','2023-08-25 04:23:56',4,3034),(854,'C','2023-08-25 04:23:56','N','2023-08-25 04:23:56',5,3034),(855,'C','2023-08-25 04:23:56','N','2023-08-25 04:23:56',6,3034),(856,'S','2023-08-25 04:23:56','N','2023-08-25 04:23:56',7,3034),(857,'S','2023-08-25 04:23:56','N','2023-08-25 04:23:56',8,3034),(858,'S','2023-08-25 04:23:56','N','2023-08-25 04:23:56',9,3034),(859,'S','2023-08-25 04:23:56','N','2023-08-25 04:23:56',10,3034),(860,'S','2023-08-25 04:23:56','N','2023-08-25 04:23:56',11,3034),(861,'S','2023-08-25 04:23:56','N','2023-08-25 04:23:56',12,3034),(862,'S','2023-08-25 04:23:56','N','2023-08-25 04:23:56',13,3034),(863,'S','2023-08-25 04:23:56','N','2023-08-25 04:23:56',14,3034),(864,'S','2023-08-25 04:23:56','N','2023-08-25 04:23:56',15,3034),(865,'I','2023-08-25 04:23:56','Y','2023-08-25 04:23:56',16,3034),(866,'I','2023-08-25 04:23:56','N','2023-08-25 04:23:56',17,3034),(867,'I','2023-08-25 04:23:56','Y','2023-08-25 04:23:56',18,3034),(868,'I','2023-08-25 04:23:56','N','2023-08-25 04:23:56',19,3034),(869,'I','2023-08-25 04:23:56','N','2023-08-25 04:23:56',20,3034),(870,'I','2023-08-25 04:23:56','N','2023-08-25 04:23:56',21,3034),(871,'I','2023-08-25 04:23:56','N','2023-08-25 04:23:56',22,3034),(872,'E','2023-08-25 04:23:56','N','2023-08-25 04:23:56',23,3034),(873,'E','2023-08-25 04:23:56','N','2023-08-25 04:23:56',24,3034),(874,'E','2023-08-25 04:23:56','N','2023-08-25 04:23:56',25,3034),(875,'E','2023-08-25 04:23:56','N','2023-08-25 04:23:56',26,3034),(876,'E','2023-08-25 04:23:56','N','2023-08-25 04:23:56',27,3034),(877,'C','2023-08-25 04:23:56','N','2023-08-25 04:23:56',1,3041),(878,'C','2023-08-25 04:23:56','N','2023-08-25 04:23:56',2,3041),(879,'S','2023-08-25 04:23:56','Y','2023-08-25 04:23:56',3,3041),(880,'S','2023-08-25 04:23:56','Y','2023-08-25 04:23:56',4,3041),(881,'C','2023-08-25 04:23:56','N','2023-08-25 04:23:56',5,3041),(882,'C','2023-08-25 04:23:56','N','2023-08-25 04:23:56',6,3041),(883,'S','2023-08-25 04:23:56','N','2023-08-25 04:23:56',7,3041),(884,'S','2023-08-25 04:23:56','N','2023-08-25 04:23:56',8,3041),(885,'S','2023-08-25 04:23:56','N','2023-08-25 04:23:56',9,3041),(886,'S','2023-08-25 04:23:56','N','2023-08-25 04:23:56',10,3041),(887,'S','2023-08-25 04:23:56','N','2023-08-25 04:23:56',11,3041),(888,'S','2023-08-25 04:23:56','N','2023-08-25 04:23:56',12,3041),(889,'S','2023-08-25 04:23:56','N','2023-08-25 04:23:56',13,3041),(890,'S','2023-08-25 04:23:56','N','2023-08-25 04:23:56',14,3041),(891,'S','2023-08-25 04:23:56','N','2023-08-25 04:23:56',15,3041),(892,'I','2023-08-25 04:23:56','Y','2023-08-25 04:23:56',16,3041),(893,'I','2023-08-25 04:23:56','N','2023-08-25 04:23:56',17,3041),(894,'I','2023-08-25 04:23:56','N','2023-08-25 04:23:56',18,3041),(895,'I','2023-08-25 04:23:56','N','2023-08-25 04:23:56',19,3041),(896,'I','2023-08-25 04:23:56','N','2023-08-25 04:23:56',20,3041),(897,'I','2023-08-25 04:23:56','N','2023-08-25 04:23:56',21,3041),(898,'I','2023-08-25 04:23:56','N','2023-08-25 04:23:56',22,3041),(899,'E','2023-08-25 04:23:56','N','2023-08-25 04:23:56',23,3041),(900,'E','2023-08-25 04:23:56','N','2023-08-25 04:23:56',24,3041),(901,'E','2023-08-25 04:23:56','N','2023-08-25 04:23:56',25,3041),(902,'E','2023-08-25 04:23:56','N','2023-08-25 04:23:56',26,3041),(903,'E','2023-08-25 04:23:56','N','2023-08-25 04:23:56',27,3041),(904,'C','2023-08-25 04:23:56','N','2023-08-25 04:23:56',1,3042),(905,'C','2023-08-25 04:23:56','N','2023-08-25 04:23:56',2,3042),(906,'C','2023-08-25 04:23:56','N','2023-08-25 04:23:56',3,3042),(907,'S','2023-08-25 04:23:56','Y','2023-08-25 04:23:56',4,3042),(908,'C','2023-08-25 04:23:56','N','2023-08-25 04:23:56',5,3042),(909,'C','2023-08-25 04:23:56','N','2023-08-25 04:23:56',6,3042),(910,'S','2023-08-25 04:23:56','N','2023-08-25 04:23:56',7,3042),(911,'S','2023-08-25 04:23:56','N','2023-08-25 04:23:56',8,3042),(912,'S','2023-08-25 04:23:56','N','2023-08-25 04:23:56',9,3042),(913,'S','2023-08-25 04:23:56','N','2023-08-25 04:23:56',10,3042),(914,'S','2023-08-25 04:23:56','N','2023-08-25 04:23:56',11,3042),(915,'S','2023-08-25 04:23:56','N','2023-08-25 04:23:56',12,3042),(916,'S','2023-08-25 04:23:56','N','2023-08-25 04:23:56',13,3042),(917,'S','2023-08-25 04:23:56','N','2023-08-25 04:23:56',14,3042),(918,'S','2023-08-25 04:23:56','N','2023-08-25 04:23:56',15,3042),(919,'I','2023-08-25 04:23:56','Y','2023-08-25 04:23:56',16,3042),(920,'I','2023-08-25 04:23:56','N','2023-08-25 04:23:56',17,3042),(921,'I','2023-08-25 04:23:56','N','2023-08-25 04:23:56',18,3042),(922,'I','2023-08-25 04:23:56','N','2023-08-25 04:23:56',19,3042),(923,'I','2023-08-25 04:23:56','N','2023-08-25 04:23:56',20,3042),(924,'I','2023-08-25 04:23:56','Y','2023-08-25 04:23:56',21,3042),(925,'I','2023-08-25 04:23:56','N','2023-08-25 04:23:56',22,3042),(926,'E','2023-08-25 04:23:56','N','2023-08-25 04:23:56',23,3042),(927,'E','2023-08-25 04:23:56','N','2023-08-25 04:23:56',24,3042),(928,'E','2023-08-25 04:23:56','N','2023-08-25 04:23:56',25,3042),(929,'E','2023-08-25 04:23:56','N','2023-08-25 04:23:56',26,3042),(930,'E','2023-08-25 04:23:56','N','2023-08-25 04:23:56',27,3042),(931,'C','2023-08-25 04:23:56','N','2023-08-25 04:23:56',1,3043),(932,'C','2023-08-25 04:23:56','N','2023-08-25 04:23:56',2,3043),(933,'C','2023-08-25 04:23:56','N','2023-08-25 04:23:56',3,3043),(934,'C','2023-08-25 04:23:56','N','2023-08-25 04:23:56',4,3043),(935,'C','2023-08-25 04:23:56','N','2023-08-25 04:23:56',5,3043),(936,'C','2023-08-25 04:23:56','N','2023-08-25 04:23:56',6,3043),(937,'S','2023-08-25 04:23:56','N','2023-08-25 04:23:56',7,3043),(938,'S','2023-08-25 04:23:56','N','2023-08-25 04:23:56',8,3043),(939,'S','2023-08-25 04:23:56','N','2023-08-25 04:23:56',9,3043),(940,'S','2023-08-25 04:23:56','N','2023-08-25 04:23:56',10,3043),(941,'S','2023-08-25 04:23:56','Y','2023-08-25 04:23:56',11,3043),(942,'S','2023-08-25 04:23:56','N','2023-08-25 04:23:56',12,3043),(943,'S','2023-08-25 04:23:56','N','2023-08-25 04:23:56',13,3043),(944,'S','2023-08-25 04:23:56','N','2023-08-25 04:23:56',14,3043),(945,'S','2023-08-25 04:23:56','N','2023-08-25 04:23:56',15,3043),(946,'I','2023-08-25 04:23:56','Y','2023-08-25 04:23:56',16,3043),(947,'I','2023-08-25 04:23:56','N','2023-08-25 04:23:56',17,3043),(948,'I','2023-08-25 04:23:56','N','2023-08-25 04:23:56',18,3043),(949,'I','2023-08-25 04:23:56','N','2023-08-25 04:23:56',19,3043),(950,'I','2023-08-25 04:23:56','N','2023-08-25 04:23:56',20,3043),(951,'I','2023-08-25 04:23:56','N','2023-08-25 04:23:56',21,3043),(952,'I','2023-08-25 04:23:56','N','2023-08-25 04:23:56',22,3043),(953,'E','2023-08-25 04:23:56','N','2023-08-25 04:23:56',23,3043),(954,'E','2023-08-25 04:23:56','N','2023-08-25 04:23:56',24,3043),(955,'E','2023-08-25 04:23:56','Y','2023-08-25 04:23:56',25,3043),(956,'E','2023-08-25 04:23:56','N','2023-08-25 04:23:56',26,3043),(957,'E','2023-08-25 04:23:56','N','2023-08-25 04:23:56',27,3043),(958,'C','2023-08-25 04:23:56','N','2023-08-25 04:23:56',1,3044),(959,'C','2023-08-25 04:23:56','N','2023-08-25 04:23:56',2,3044),(960,'S','2023-08-25 04:23:56','Y','2023-08-25 04:23:56',3,3044),(961,'C','2023-08-25 04:23:56','N','2023-08-25 04:23:56',4,3044),(962,'C','2023-08-25 04:23:56','N','2023-08-25 04:23:56',5,3044),(963,'C','2023-08-25 04:23:56','N','2023-08-25 04:23:56',6,3044),(964,'S','2023-08-25 04:23:56','N','2023-08-25 04:23:56',7,3044),(965,'S','2023-08-25 04:23:56','N','2023-08-25 04:23:56',8,3044),(966,'S','2023-08-25 04:23:56','N','2023-08-25 04:23:56',9,3044),(967,'S','2023-08-25 04:23:56','N','2023-08-25 04:23:56',10,3044),(968,'S','2023-08-25 04:23:56','N','2023-08-25 04:23:56',11,3044),(969,'S','2023-08-25 04:23:56','N','2023-08-25 04:23:56',12,3044),(970,'S','2023-08-25 04:23:56','N','2023-08-25 04:23:56',13,3044),(971,'S','2023-08-25 04:23:56','N','2023-08-25 04:23:56',14,3044),(972,'S','2023-08-25 04:23:56','N','2023-08-25 04:23:56',15,3044),(973,'I','2023-08-25 04:23:56','N','2023-08-25 04:23:56',16,3044),(974,'I','2023-08-25 04:23:56','N','2023-08-25 04:23:56',17,3044),(975,'I','2023-08-25 04:23:56','N','2023-08-25 04:23:56',18,3044),(976,'I','2023-08-25 04:23:56','N','2023-08-25 04:23:56',19,3044),(977,'I','2023-08-25 04:23:56','N','2023-08-25 04:23:56',20,3044),(978,'I','2023-08-25 04:23:56','Y','2023-08-25 04:23:56',21,3044),(979,'I','2023-08-25 04:23:56','N','2023-08-25 04:23:56',22,3044),(980,'E','2023-08-25 04:23:56','N','2023-08-25 04:23:56',23,3044),(981,'E','2023-08-25 04:23:56','N','2023-08-25 04:23:56',24,3044),(982,'E','2023-08-25 04:23:56','Y','2023-08-25 04:23:56',25,3044),(983,'E','2023-08-25 04:23:56','N','2023-08-25 04:23:56',26,3044),(984,'E','2023-08-25 04:23:56','N','2023-08-25 04:23:56',27,3044),(985,'C','2023-08-25 04:23:56','N','2023-08-25 04:23:56',111,2011),(986,'C','2023-08-25 04:23:56','N','2023-08-25 04:23:56',2,2011),(987,'S','2023-08-25 04:23:56','N','2023-08-25 04:23:56',3,2011),(988,'S','2023-08-25 04:23:56','N','2023-08-25 04:23:56',4,2011),(989,'C','2023-08-25 04:23:56','N','2023-08-25 04:23:56',5,2011),(990,'C','2023-08-25 04:23:56','N','2023-08-25 04:23:56',6,2011),(991,'S','2023-08-25 04:23:56','N','2023-08-25 04:23:56',7,2011),(992,'S','2023-08-25 04:23:56','N','2023-08-25 04:23:56',8,2011),(993,'S','2023-08-25 04:23:56','N','2023-08-25 04:23:56',9,2011),(994,'S','2023-08-25 04:23:56','N','2023-08-25 04:23:56',10,2011),(995,'S','2023-08-25 04:23:56','N','2023-08-25 04:23:56',11,2011),(996,'S','2023-08-25 04:23:56','N','2023-08-25 04:23:56',12,2011),(997,'S','2023-08-25 04:23:56','N','2023-08-25 04:23:56',13,2011),(998,'S','2023-08-25 04:23:56','N','2023-08-25 04:23:56',14,2011),(999,'S','2023-08-25 04:23:56','N','2023-08-25 04:23:56',15,2011),(1000,'I','2023-08-25 04:23:56','Y','2023-08-25 04:23:56',16,2011),(1001,'I','2023-08-25 04:23:56','N','2023-08-25 04:23:56',17,2011),(1002,'I','2023-08-25 04:23:56','N','2023-08-25 04:23:56',18,2011),(1003,'I','2023-08-25 04:23:56','N','2023-08-25 04:23:56',19,2011),(1004,'I','2023-08-25 04:23:56','N','2023-08-25 04:23:56',20,2011),(1005,'I','2023-08-25 04:23:56','Y','2023-08-25 04:23:56',21,2011),(1006,'I','2023-08-25 04:23:56','N','2023-08-25 04:23:56',22,2011),(1007,'E','2023-08-25 04:23:56','N','2023-08-25 04:23:56',23,2011),(1008,'E','2023-08-25 04:23:56','Y','2023-08-25 04:23:56',24,2011),(1009,'E','2023-08-25 04:23:56','N','2023-08-25 04:23:56',25,2011),(1010,'E','2023-08-25 04:23:56','N','2023-08-25 04:23:56',26,2011),(1011,'E','2023-08-25 04:23:56','Y','2023-08-25 04:23:56',27,2011),(1012,'C','2023-08-25 04:23:56','N','2023-08-25 04:23:56',111,2012),(1013,'C','2023-08-25 04:23:56','N','2023-08-25 04:23:56',2,2012),(1014,'S','2023-08-25 04:23:56','N','2023-08-25 04:23:56',3,2012),(1015,'S','2023-08-25 04:23:56','N','2023-08-25 04:23:56',4,2012),(1016,'C','2023-08-25 04:23:56','N','2023-08-25 04:23:56',5,2012),(1017,'C','2023-08-25 04:23:56','N','2023-08-25 04:23:56',6,2012),(1018,'S','2023-08-25 04:23:56','N','2023-08-25 04:23:56',7,2012),(1019,'S','2023-08-25 04:23:56','N','2023-08-25 04:23:56',8,2012),(1020,'S','2023-08-25 04:23:56','Y','2023-08-25 04:23:56',9,2012),(1021,'S','2023-08-25 04:23:56','N','2023-08-25 04:23:56',10,2012),(1022,'S','2023-08-25 04:23:56','Y','2023-08-25 04:23:56',11,2012),(1023,'S','2023-08-25 04:23:56','N','2023-08-25 04:23:56',12,2012),(1024,'S','2023-08-25 04:23:56','N','2023-08-25 04:23:56',13,2012),(1025,'S','2023-08-25 04:23:56','N','2023-08-25 04:23:56',14,2012),(1026,'S','2023-08-25 04:23:56','N','2023-08-25 04:23:56',15,2012),(1027,'I','2023-08-25 04:23:56','N','2023-08-25 04:23:56',16,2012),(1028,'I','2023-08-25 04:23:56','N','2023-08-25 04:23:56',17,2012),(1029,'I','2023-08-25 04:23:56','Y','2023-08-25 04:23:56',18,2012),(1030,'I','2023-08-25 04:23:56','Y','2023-08-25 04:23:56',19,2012),(1031,'I','2023-08-25 04:23:56','N','2023-08-25 04:23:56',20,2012),(1032,'I','2023-08-25 04:23:56','Y','2023-08-25 04:23:56',21,2012),(1033,'I','2023-08-25 04:23:56','Y','2023-08-25 04:23:56',22,2012),(1034,'E','2023-08-25 04:23:56','N','2023-08-25 04:23:56',23,2012),(1035,'E','2023-08-25 04:23:56','Y','2023-08-25 04:23:56',24,2012),(1036,'E','2023-08-25 04:23:56','N','2023-08-25 04:23:56',25,2012),(1037,'E','2023-08-25 04:23:56','Y','2023-08-25 04:23:56',26,2012),(1038,'E','2023-08-25 04:23:56','Y','2023-08-25 04:23:56',27,2012),(1039,'C','2023-08-25 04:23:56','N','2023-08-25 04:23:56',111,2013),(1040,'C','2023-08-25 04:23:56','N','2023-08-25 04:23:56',2,2013),(1041,'S','2023-08-25 04:23:56','Y','2023-08-25 04:23:56',3,2013),(1042,'S','2023-08-25 04:23:56','Y','2023-08-25 04:23:56',4,2013),(1043,'C','2023-08-25 04:23:56','N','2023-08-25 04:23:56',5,2013),(1044,'C','2023-08-25 04:23:56','N','2023-08-25 04:23:56',6,2013),(1045,'S','2023-08-25 04:23:56','N','2023-08-25 04:23:56',7,2013),(1046,'S','2023-08-25 04:23:56','N','2023-08-25 04:23:56',8,2013),(1047,'S','2023-08-25 04:23:56','N','2023-08-25 04:23:56',9,2013),(1048,'S','2023-08-25 04:23:56','N','2023-08-25 04:23:56',10,2013),(1049,'S','2023-08-25 04:23:56','N','2023-08-25 04:23:56',11,2013),(1050,'S','2023-08-25 04:23:56','N','2023-08-25 04:23:56',12,2013),(1051,'S','2023-08-25 04:23:56','N','2023-08-25 04:23:56',13,2013),(1052,'S','2023-08-25 04:23:56','N','2023-08-25 04:23:56',14,2013),(1053,'S','2023-08-25 04:23:56','N','2023-08-25 04:23:56',15,2013),(1054,'I','2023-08-25 04:23:56','N','2023-08-25 04:23:56',16,2013),(1055,'I','2023-08-25 04:23:56','N','2023-08-25 04:23:56',17,2013),(1056,'I','2023-08-25 04:23:56','N','2023-08-25 04:23:56',18,2013),(1057,'I','2023-08-25 04:23:56','N','2023-08-25 04:23:56',19,2013),(1058,'I','2023-08-25 04:23:56','N','2023-08-25 04:23:56',20,2013),(1059,'I','2023-08-25 04:23:56','N','2023-08-25 04:23:56',21,2013),(1060,'I','2023-08-25 04:23:56','N','2023-08-25 04:23:56',22,2013),(1061,'E','2023-08-25 04:23:56','N','2023-08-25 04:23:56',23,2013),(1062,'E','2023-08-25 04:23:56','N','2023-08-25 04:23:56',24,2013),(1063,'E','2023-08-25 04:23:56','N','2023-08-25 04:23:56',25,2013),(1064,'E','2023-08-25 04:23:56','N','2023-08-25 04:23:56',26,2013),(1065,'E','2023-08-25 04:23:56','N','2023-08-25 04:23:56',27,2013),(1066,'C','2023-08-25 04:23:56','N','2023-08-25 04:23:56',113,2014),(1067,'C','2023-08-25 04:23:56','N','2023-08-25 04:23:56',2,2014),(1068,'S','2023-08-25 04:23:56','N','2023-08-25 04:23:56',3,2014),(1069,'S','2023-08-25 04:23:56','N','2023-08-25 04:23:56',4,2014),(1070,'C','2023-08-25 04:23:56','N','2023-08-25 04:23:56',5,2014),(1071,'C','2023-08-25 04:23:56','N','2023-08-25 04:23:56',6,2014),(1072,'S','2023-08-25 04:23:56','N','2023-08-25 04:23:56',7,2014),(1073,'S','2023-08-25 04:23:56','N','2023-08-25 04:23:56',8,2014),(1074,'S','2023-08-25 04:23:56','N','2023-08-25 04:23:56',9,2014),(1075,'S','2023-08-25 04:23:56','N','2023-08-25 04:23:56',10,2014),(1076,'S','2023-08-25 04:23:56','N','2023-08-25 04:23:56',11,2014),(1077,'S','2023-08-25 04:23:56','N','2023-08-25 04:23:56',12,2014),(1078,'S','2023-08-25 04:23:56','N','2023-08-25 04:23:56',13,2014),(1079,'S','2023-08-25 04:23:56','N','2023-08-25 04:23:56',14,2014),(1080,'S','2023-08-25 04:23:56','N','2023-08-25 04:23:56',15,2014),(1081,'I','2023-08-25 04:23:56','N','2023-08-25 04:23:56',16,2014),(1082,'I','2023-08-25 04:23:56','N','2023-08-25 04:23:56',17,2014),(1083,'I','2023-08-25 04:23:56','Y','2023-08-25 04:23:56',18,2014),(1084,'I','2023-08-25 04:23:56','N','2023-08-25 04:23:56',19,2014),(1085,'I','2023-08-25 04:23:56','N','2023-08-25 04:23:56',20,2014),(1086,'I','2023-08-25 04:23:56','N','2023-08-25 04:23:56',21,2014),(1087,'I','2023-08-25 04:23:56','N','2023-08-25 04:23:56',22,2014),(1088,'E','2023-08-25 04:23:56','N','2023-08-25 04:23:56',23,2014),(1089,'E','2023-08-25 04:23:56','N','2023-08-25 04:23:56',24,2014),(1090,'E','2023-08-25 04:23:56','Y','2023-08-25 04:23:56',25,2014),(1091,'E','2023-08-25 04:23:56','N','2023-08-25 04:23:56',26,2014),(1092,'E','2023-08-25 04:23:56','N','2023-08-25 04:23:56',27,2014),(1093,'C','2023-08-25 04:23:56','N','2023-08-25 04:23:56',113,2015),(1094,'C','2023-08-25 04:23:56','N','2023-08-25 04:23:56',2,2015),(1095,'S','2023-08-25 04:23:56','N','2023-08-25 04:23:56',3,2015),(1096,'S','2023-08-25 04:23:56','N','2023-08-25 04:23:56',4,2015),(1097,'C','2023-08-25 04:23:56','N','2023-08-25 04:23:56',5,2015),(1098,'C','2023-08-25 04:23:56','N','2023-08-25 04:23:56',6,2015),(1099,'S','2023-08-25 04:23:56','N','2023-08-25 04:23:56',7,2015),(1100,'S','2023-08-25 04:23:56','N','2023-08-25 04:23:56',8,2015),(1101,'S','2023-08-25 04:23:56','N','2023-08-25 04:23:56',9,2015),(1102,'S','2023-08-25 04:23:56','N','2023-08-25 04:23:56',10,2015),(1103,'S','2023-08-25 04:23:56','N','2023-08-25 04:23:56',11,2015),(1104,'S','2023-08-25 04:23:56','N','2023-08-25 04:23:56',12,2015),(1105,'S','2023-08-25 04:23:56','N','2023-08-25 04:23:56',13,2015),(1106,'S','2023-08-25 04:23:56','N','2023-08-25 04:23:56',14,2015),(1107,'S','2023-08-25 04:23:56','N','2023-08-25 04:23:56',15,2015),(1108,'I','2023-08-25 04:23:56','N','2023-08-25 04:23:56',16,2015),(1109,'I','2023-08-25 04:23:56','N','2023-08-25 04:23:56',17,2015),(1110,'I','2023-08-25 04:23:56','N','2023-08-25 04:23:56',18,2015),(1111,'I','2023-08-25 04:23:56','N','2023-08-25 04:23:56',19,2015),(1112,'I','2023-08-25 04:23:56','N','2023-08-25 04:23:56',20,2015),(1113,'I','2023-08-25 04:23:56','Y','2023-08-25 04:23:56',21,2015),(1114,'I','2023-08-25 04:23:56','N','2023-08-25 04:23:56',22,2015),(1115,'E','2023-08-25 04:23:56','N','2023-08-25 04:23:56',23,2015),(1116,'E','2023-08-25 04:23:56','Y','2023-08-25 04:23:56',24,2015),(1117,'E','2023-08-25 04:23:56','N','2023-08-25 04:23:56',25,2015),(1118,'E','2023-08-25 04:23:56','N','2023-08-25 04:23:56',26,2015),(1119,'E','2023-08-25 04:23:56','N','2023-08-25 04:23:56',27,2015),(1120,'C','2023-08-25 04:23:56','N','2023-08-25 04:23:56',113,2016),(1121,'C','2023-08-25 04:23:56','N','2023-08-25 04:23:56',2,2016),(1122,'S','2023-08-25 04:23:56','N','2023-08-25 04:23:56',3,2016),(1123,'S','2023-08-25 04:23:56','Y','2023-08-25 04:23:56',4,2016),(1124,'C','2023-08-25 04:23:56','N','2023-08-25 04:23:56',5,2016),(1125,'C','2023-08-25 04:23:56','N','2023-08-25 04:23:56',6,2016),(1126,'S','2023-08-25 04:23:56','N','2023-08-25 04:23:56',7,2016),(1127,'S','2023-08-25 04:23:56','N','2023-08-25 04:23:56',8,2016),(1128,'S','2023-08-25 04:23:56','N','2023-08-25 04:23:56',9,2016),(1129,'S','2023-08-25 04:23:56','N','2023-08-25 04:23:56',10,2016),(1130,'S','2023-08-25 04:23:56','N','2023-08-25 04:23:56',11,2016),(1131,'S','2023-08-25 04:23:56','N','2023-08-25 04:23:56',12,2016),(1132,'S','2023-08-25 04:23:56','N','2023-08-25 04:23:56',13,2016),(1133,'S','2023-08-25 04:23:56','N','2023-08-25 04:23:56',14,2016),(1134,'S','2023-08-25 04:23:56','N','2023-08-25 04:23:56',15,2016),(1135,'I','2023-08-25 04:23:56','N','2023-08-25 04:23:56',16,2016),(1136,'I','2023-08-25 04:23:56','N','2023-08-25 04:23:56',17,2016),(1137,'I','2023-08-25 04:23:56','N','2023-08-25 04:23:56',18,2016),(1138,'I','2023-08-25 04:23:56','N','2023-08-25 04:23:56',19,2016),(1139,'I','2023-08-25 04:23:56','N','2023-08-25 04:23:56',20,2016),(1140,'I','2023-08-25 04:23:56','N','2023-08-25 04:23:56',21,2016),(1141,'I','2023-08-25 04:23:56','N','2023-08-25 04:23:56',22,2016),(1142,'E','2023-08-25 04:23:56','N','2023-08-25 04:23:56',23,2016),(1143,'E','2023-08-25 04:23:56','N','2023-08-25 04:23:56',24,2016),(1144,'E','2023-08-25 04:23:56','Y','2023-08-25 04:23:56',25,2016),(1145,'E','2023-08-25 04:23:56','N','2023-08-25 04:23:56',26,2016),(1146,'E','2023-08-25 04:23:56','N','2023-08-25 04:23:56',27,2016),(1147,'C','2023-08-25 04:23:56','N','2023-08-25 04:23:56',113,2031),(1148,'C','2023-08-25 04:23:56','N','2023-08-25 04:23:56',2,2031),(1149,'S','2023-08-25 04:23:56','N','2023-08-25 04:23:56',3,2031),(1150,'S','2023-08-25 04:23:56','N','2023-08-25 04:23:56',4,2031),(1151,'C','2023-08-25 04:23:56','N','2023-08-25 04:23:56',5,2031),(1152,'C','2023-08-25 04:23:56','N','2023-08-25 04:23:56',6,2031),(1153,'S','2023-08-25 04:23:56','N','2023-08-25 04:23:56',7,2031),(1154,'S','2023-08-25 04:23:56','N','2023-08-25 04:23:56',8,2031),(1155,'S','2023-08-25 04:23:56','N','2023-08-25 04:23:56',9,2031),(1156,'S','2023-08-25 04:23:56','N','2023-08-25 04:23:56',10,2031),(1157,'S','2023-08-25 04:23:56','Y','2023-08-25 04:23:56',11,2031),(1158,'S','2023-08-25 04:23:56','N','2023-08-25 04:23:56',12,2031),(1159,'S','2023-08-25 04:23:56','N','2023-08-25 04:23:56',13,2031),(1160,'S','2023-08-25 04:23:56','N','2023-08-25 04:23:56',14,2031),(1161,'S','2023-08-25 04:23:56','N','2023-08-25 04:23:56',15,2031),(1162,'I','2023-08-25 04:23:56','N','2023-08-25 04:23:56',16,2031),(1163,'I','2023-08-25 04:23:56','N','2023-08-25 04:23:56',17,2031),(1164,'I','2023-08-25 04:23:56','Y','2023-08-25 04:23:56',18,2031),(1165,'I','2023-08-25 04:23:56','N','2023-08-25 04:23:56',19,2031),(1166,'I','2023-08-25 04:23:56','N','2023-08-25 04:23:56',20,2031),(1167,'I','2023-08-25 04:23:56','N','2023-08-25 04:23:56',21,2031),(1168,'I','2023-08-25 04:23:56','N','2023-08-25 04:23:56',22,2031),(1169,'E','2023-08-25 04:23:56','N','2023-08-25 04:23:56',23,2031),(1170,'E','2023-08-25 04:23:56','N','2023-08-25 04:23:56',24,2031),(1171,'E','2023-08-25 04:23:56','N','2023-08-25 04:23:56',25,2031),(1172,'E','2023-08-25 04:23:56','N','2023-08-25 04:23:56',26,2031),(1173,'E','2023-08-25 04:23:56','N','2023-08-25 04:23:56',27,2031),(1174,'C','2023-08-25 04:23:56','N','2023-08-25 04:23:56',113,2032),(1175,'C','2023-08-25 04:23:56','N','2023-08-25 04:23:56',2,2032),(1176,'S','2023-08-25 04:23:56','N','2023-08-25 04:23:56',3,2032),(1177,'S','2023-08-25 04:23:56','N','2023-08-25 04:23:56',4,2032),(1178,'C','2023-08-25 04:23:56','N','2023-08-25 04:23:56',5,2032),(1179,'C','2023-08-25 04:23:56','N','2023-08-25 04:23:56',6,2032),(1180,'S','2023-08-25 04:23:56','N','2023-08-25 04:23:56',7,2032),(1181,'S','2023-08-25 04:23:56','N','2023-08-25 04:23:56',8,2032),(1182,'S','2023-08-25 04:23:56','N','2023-08-25 04:23:56',9,2032),(1183,'S','2023-08-25 04:23:56','N','2023-08-25 04:23:56',10,2032),(1184,'S','2023-08-25 04:23:56','N','2023-08-25 04:23:56',11,2032),(1185,'S','2023-08-25 04:23:56','N','2023-08-25 04:23:56',12,2032),(1186,'S','2023-08-25 04:23:56','N','2023-08-25 04:23:56',13,2032),(1187,'S','2023-08-25 04:23:56','N','2023-08-25 04:23:56',14,2032),(1188,'S','2023-08-25 04:23:56','N','2023-08-25 04:23:56',15,2032),(1189,'I','2023-08-25 04:23:56','Y','2023-08-25 04:23:56',16,2032),(1190,'I','2023-08-25 04:23:56','N','2023-08-25 04:23:56',17,2032),(1191,'I','2023-08-25 04:23:56','N','2023-08-25 04:23:56',18,2032),(1192,'I','2023-08-25 04:23:56','N','2023-08-25 04:23:56',19,2032),(1193,'I','2023-08-25 04:23:56','N','2023-08-25 04:23:56',20,2032),(1194,'I','2023-08-25 04:23:56','Y','2023-08-25 04:23:56',21,2032),(1195,'I','2023-08-25 04:23:56','N','2023-08-25 04:23:56',22,2032),(1196,'E','2023-08-25 04:23:56','N','2023-08-25 04:23:56',23,2032),(1197,'E','2023-08-25 04:23:56','N','2023-08-25 04:23:56',24,2032),(1198,'E','2023-08-25 04:23:56','N','2023-08-25 04:23:56',25,2032),(1199,'E','2023-08-25 04:23:56','N','2023-08-25 04:23:56',26,2032),(1200,'E','2023-08-25 04:23:56','N','2023-08-25 04:23:56',27,2032),(1201,'C','2023-08-25 04:23:56','N','2023-08-25 04:23:56',113,2033),(1202,'C','2023-08-25 04:23:56','N','2023-08-25 04:23:56',2,2033),(1203,'S','2023-08-25 04:23:56','N','2023-08-25 04:23:56',3,2033),(1204,'S','2023-08-25 04:23:56','Y','2023-08-25 04:23:56',4,2033),(1205,'C','2023-08-25 04:23:56','N','2023-08-25 04:23:56',5,2033),(1206,'C','2023-08-25 04:23:56','N','2023-08-25 04:23:56',6,2033),(1207,'S','2023-08-25 04:23:56','N','2023-08-25 04:23:56',7,2033),(1208,'S','2023-08-25 04:23:56','N','2023-08-25 04:23:56',8,2033),(1209,'S','2023-08-25 04:23:56','N','2023-08-25 04:23:56',9,2033),(1210,'S','2023-08-25 04:23:56','N','2023-08-25 04:23:56',10,2033),(1211,'S','2023-08-25 04:23:56','N','2023-08-25 04:23:56',11,2033),(1212,'S','2023-08-25 04:23:56','N','2023-08-25 04:23:56',12,2033),(1213,'S','2023-08-25 04:23:56','N','2023-08-25 04:23:56',13,2033),(1214,'S','2023-08-25 04:23:56','N','2023-08-25 04:23:56',14,2033),(1215,'S','2023-08-25 04:23:56','N','2023-08-25 04:23:56',15,2033),(1216,'I','2023-08-25 04:23:56','N','2023-08-25 04:23:56',16,2033),(1217,'I','2023-08-25 04:23:56','N','2023-08-25 04:23:56',17,2033),(1218,'I','2023-08-25 04:23:56','N','2023-08-25 04:23:56',18,2033),(1219,'I','2023-08-25 04:23:56','N','2023-08-25 04:23:56',19,2033),(1220,'I','2023-08-25 04:23:56','N','2023-08-25 04:23:56',20,2033),(1221,'I','2023-08-25 04:23:56','N','2023-08-25 04:23:56',21,2033),(1222,'I','2023-08-25 04:23:56','N','2023-08-25 04:23:56',22,2033),(1223,'E','2023-08-25 04:23:56','N','2023-08-25 04:23:56',23,2033),(1224,'E','2023-08-25 04:23:56','N','2023-08-25 04:23:56',24,2033),(1225,'E','2023-08-25 04:23:56','Y','2023-08-25 04:23:56',25,2033),(1226,'E','2023-08-25 04:23:56','N','2023-08-25 04:23:56',26,2033),(1227,'E','2023-08-25 04:23:56','N','2023-08-25 04:23:56',27,2033),(1228,'C','2023-08-25 04:23:56','N','2023-08-25 04:23:56',113,2034),(1229,'C','2023-08-25 04:23:56','N','2023-08-25 04:23:56',2,2034),(1230,'S','2023-08-25 04:23:56','N','2023-08-25 04:23:56',3,2034),(1231,'S','2023-08-25 04:23:56','N','2023-08-25 04:23:56',4,2034),(1232,'C','2023-08-25 04:23:56','N','2023-08-25 04:23:56',5,2034),(1233,'C','2023-08-25 04:23:56','N','2023-08-25 04:23:56',6,2034),(1234,'S','2023-08-25 04:23:56','N','2023-08-25 04:23:56',7,2034),(1235,'S','2023-08-25 04:23:56','N','2023-08-25 04:23:56',8,2034),(1236,'S','2023-08-25 04:23:56','N','2023-08-25 04:23:56',9,2034),(1237,'S','2023-08-25 04:23:56','N','2023-08-25 04:23:56',10,2034),(1238,'S','2023-08-25 04:23:56','Y','2023-08-25 04:23:56',11,2034),(1239,'S','2023-08-25 04:23:56','N','2023-08-25 04:23:56',12,2034),(1240,'S','2023-08-25 04:23:56','N','2023-08-25 04:23:56',13,2034),(1241,'S','2023-08-25 04:23:56','N','2023-08-25 04:23:56',14,2034),(1242,'S','2023-08-25 04:23:56','N','2023-08-25 04:23:56',15,2034),(1243,'I','2023-08-25 04:23:56','N','2023-08-25 04:23:56',16,2034),(1244,'I','2023-08-25 04:23:56','N','2023-08-25 04:23:56',17,2034),(1245,'I','2023-08-25 04:23:56','Y','2023-08-25 04:23:56',18,2034),(1246,'I','2023-08-25 04:23:56','N','2023-08-25 04:23:56',19,2034),(1247,'I','2023-08-25 04:23:56','N','2023-08-25 04:23:56',20,2034),(1248,'I','2023-08-25 04:23:56','N','2023-08-25 04:23:56',21,2034),(1249,'I','2023-08-25 04:23:56','N','2023-08-25 04:23:56',22,2034),(1250,'E','2023-08-25 04:23:56','N','2023-08-25 04:23:56',23,2034),(1251,'E','2023-08-25 04:23:56','N','2023-08-25 04:23:56',24,2034),(1252,'E','2023-08-25 04:23:56','N','2023-08-25 04:23:56',25,2034),(1253,'E','2023-08-25 04:23:56','N','2023-08-25 04:23:56',26,2034),(1254,'E','2023-08-25 04:23:56','N','2023-08-25 04:23:56',27,2034),(1255,'C','2023-08-25 04:23:56','N','2023-08-25 04:23:56',112,2035),(1256,'C','2023-08-25 04:23:56','N','2023-08-25 04:23:56',2,2035),(1257,'S','2023-08-25 04:23:56','N','2023-08-25 04:23:56',3,2035),(1258,'S','2023-08-25 04:23:56','Y','2023-08-25 04:23:56',4,2035),(1259,'C','2023-08-25 04:23:56','N','2023-08-25 04:23:56',5,2035),(1260,'C','2023-08-25 04:23:56','N','2023-08-25 04:23:56',6,2035),(1261,'S','2023-08-25 04:23:56','N','2023-08-25 04:23:56',7,2035),(1262,'S','2023-08-25 04:23:56','N','2023-08-25 04:23:56',8,2035),(1263,'S','2023-08-25 04:23:56','N','2023-08-25 04:23:56',9,2035),(1264,'S','2023-08-25 04:23:56','N','2023-08-25 04:23:56',10,2035),(1265,'S','2023-08-25 04:23:56','N','2023-08-25 04:23:56',11,2035),(1266,'S','2023-08-25 04:23:56','N','2023-08-25 04:23:56',12,2035),(1267,'S','2023-08-25 04:23:56','N','2023-08-25 04:23:56',13,2035),(1268,'S','2023-08-25 04:23:56','N','2023-08-25 04:23:56',14,2035),(1269,'S','2023-08-25 04:23:56','N','2023-08-25 04:23:56',15,2035),(1270,'I','2023-08-25 04:23:56','Y','2023-08-25 04:23:56',16,2035),(1271,'I','2023-08-25 04:23:56','N','2023-08-25 04:23:56',17,2035),(1272,'I','2023-08-25 04:23:56','N','2023-08-25 04:23:56',18,2035),(1273,'I','2023-08-25 04:23:56','N','2023-08-25 04:23:56',19,2035),(1274,'I','2023-08-25 04:23:56','N','2023-08-25 04:23:56',20,2035),(1275,'I','2023-08-25 04:23:56','N','2023-08-25 04:23:56',21,2035),(1276,'I','2023-08-25 04:23:56','N','2023-08-25 04:23:56',22,2035),(1277,'E','2023-08-25 04:23:56','N','2023-08-25 04:23:56',23,2035),(1278,'E','2023-08-25 04:23:56','N','2023-08-25 04:23:56',24,2035),(1279,'E','2023-08-25 04:23:56','N','2023-08-25 04:23:56',25,2035),(1280,'E','2023-08-25 04:23:56','N','2023-08-25 04:23:56',26,2035),(1281,'E','2023-08-25 04:23:56','N','2023-08-25 04:23:56',27,2035),(1282,'C','2023-08-25 04:23:56','N','2023-08-25 04:23:56',112,2036),(1283,'C','2023-08-25 04:23:56','N','2023-08-25 04:23:56',2,2036),(1284,'S','2023-08-25 04:23:56','Y','2023-08-25 04:23:56',3,2036),(1285,'S','2023-08-25 04:23:56','N','2023-08-25 04:23:56',4,2036),(1286,'C','2023-08-25 04:23:56','N','2023-08-25 04:23:56',5,2036),(1287,'C','2023-08-25 04:23:56','N','2023-08-25 04:23:56',6,2036),(1288,'S','2023-08-25 04:23:56','N','2023-08-25 04:23:56',7,2036),(1289,'S','2023-08-25 04:23:56','N','2023-08-25 04:23:56',8,2036),(1290,'S','2023-08-25 04:23:56','N','2023-08-25 04:23:56',9,2036),(1291,'S','2023-08-25 04:23:56','N','2023-08-25 04:23:56',10,2036),(1292,'S','2023-08-25 04:23:56','N','2023-08-25 04:23:56',11,2036),(1293,'S','2023-08-25 04:23:56','N','2023-08-25 04:23:56',12,2036),(1294,'S','2023-08-25 04:23:56','N','2023-08-25 04:23:56',13,2036),(1295,'S','2023-08-25 04:23:56','N','2023-08-25 04:23:56',14,2036),(1296,'S','2023-08-25 04:23:56','N','2023-08-25 04:23:56',15,2036),(1297,'I','2023-08-25 04:23:56','N','2023-08-25 04:23:56',16,2036),(1298,'I','2023-08-25 04:23:56','N','2023-08-25 04:23:56',17,2036),(1299,'I','2023-08-25 04:23:56','N','2023-08-25 04:23:56',18,2036),(1300,'I','2023-08-25 04:23:56','N','2023-08-25 04:23:56',19,2036),(1301,'I','2023-08-25 04:23:56','N','2023-08-25 04:23:56',20,2036),(1302,'I','2023-08-25 04:23:56','N','2023-08-25 04:23:56',21,2036),(1303,'I','2023-08-25 04:23:56','N','2023-08-25 04:23:56',22,2036),(1304,'E','2023-08-25 04:23:56','N','2023-08-25 04:23:56',23,2036),(1305,'E','2023-08-25 04:23:56','N','2023-08-25 04:23:56',24,2036),(1306,'E','2023-08-25 04:23:56','N','2023-08-25 04:23:56',25,2036),(1307,'E','2023-08-25 04:23:56','N','2023-08-25 04:23:56',26,2036),(1308,'E','2023-08-25 04:23:56','Y','2023-08-25 04:23:56',27,2036),(1309,'C','2023-08-25 04:23:56','N','2023-08-25 04:23:56',1,3011),(1310,'C','2023-08-25 04:23:56','N','2023-08-25 04:23:56',2,3011),(1311,'C','2023-08-25 04:23:56','N','2023-08-25 04:23:56',3,3011),(1312,'C','2023-08-25 04:23:56','N','2023-08-25 04:23:56',4,3011),(1313,'C','2023-08-25 04:23:56','N','2023-08-25 04:23:56',5,3011),(1314,'C','2023-08-25 04:23:56','N','2023-08-25 04:23:56',6,3011),(1315,'S','2023-08-25 04:23:56','N','2023-08-25 04:23:56',7,3011),(1316,'S','2023-08-25 04:23:56','N','2023-08-25 04:23:56',8,3011),(1317,'S','2023-08-25 04:23:56','N','2023-08-25 04:23:56',9,3011),(1318,'S','2023-08-25 04:23:56','N','2023-08-25 04:23:56',10,3011),(1319,'S','2023-08-25 04:23:56','N','2023-08-25 04:23:56',11,3011),(1320,'S','2023-08-25 04:23:56','N','2023-08-25 04:23:56',12,3011),(1321,'S','2023-08-25 04:23:56','N','2023-08-25 04:23:56',13,3011),(1322,'S','2023-08-25 04:23:56','N','2023-08-25 04:23:56',14,3011),(1323,'S','2023-08-25 04:23:56','N','2023-08-25 04:23:56',15,3011),(1324,'I','2023-08-25 04:23:56','Y','2023-08-25 04:23:56',16,3011),(1325,'I','2023-08-25 04:23:56','N','2023-08-25 04:23:56',17,3011),(1326,'I','2023-08-25 04:23:56','N','2023-08-25 04:23:56',18,3011),(1327,'I','2023-08-25 04:23:56','N','2023-08-25 04:23:56',19,3011),(1328,'I','2023-08-25 04:23:56','N','2023-08-25 04:23:56',20,3011),(1329,'I','2023-08-25 04:23:56','N','2023-08-25 04:23:56',21,3011),(1330,'I','2023-08-25 04:23:56','N','2023-08-25 04:23:56',22,3011),(1331,'E','2023-08-25 04:23:56','N','2023-08-25 04:23:56',23,3011),(1332,'E','2023-08-25 04:23:56','N','2023-08-25 04:23:56',24,3011),(1333,'E','2023-08-25 04:23:56','N','2023-08-25 04:23:56',25,3011),(1334,'E','2023-08-25 04:23:56','N','2023-08-25 04:23:56',26,3011),(1335,'E','2023-08-25 04:23:56','Y','2023-08-25 04:23:56',27,3011),(1336,'E','2023-08-25 04:23:56','N','2023-08-25 04:23:56',28,3011),(1337,'E','2023-08-25 04:23:56','N','2023-08-25 04:23:56',29,3011),(1338,'E','2023-08-25 04:23:56','N','2023-08-25 04:23:56',30,3011),(1339,'E','2023-08-25 04:23:56','N','2023-08-25 04:23:56',31,3011),(1340,'E','2023-08-25 04:23:56','N','2023-08-25 04:23:56',32,3011),(1341,'C','2023-08-25 04:23:56','N','2023-08-25 04:23:56',1,3012),(1342,'C','2023-08-25 04:23:56','N','2023-08-25 04:23:56',2,3012),(1343,'C','2023-08-25 04:23:56','N','2023-08-25 04:23:56',3,3012),(1344,'C','2023-08-25 04:23:56','N','2023-08-25 04:23:56',4,3012),(1345,'C','2023-08-25 04:23:56','N','2023-08-25 04:23:56',5,3012),(1346,'C','2023-08-25 04:23:56','N','2023-08-25 04:23:56',6,3012),(1347,'S','2023-08-25 04:23:56','N','2023-08-25 04:23:56',7,3012),(1348,'S','2023-08-25 04:23:56','N','2023-08-25 04:23:56',8,3012),(1349,'S','2023-08-25 04:23:56','N','2023-08-25 04:23:56',9,3012),(1350,'S','2023-08-25 04:23:56','N','2023-08-25 04:23:56',10,3012),(1351,'S','2023-08-25 04:23:56','Y','2023-08-25 04:23:56',11,3012),(1352,'S','2023-08-25 04:23:56','N','2023-08-25 04:23:56',12,3012),(1353,'S','2023-08-25 04:23:56','N','2023-08-25 04:23:56',13,3012),(1354,'S','2023-08-25 04:23:56','N','2023-08-25 04:23:56',14,3012),(1355,'S','2023-08-25 04:23:56','N','2023-08-25 04:23:56',15,3012),(1356,'I','2023-08-25 04:23:56','Y','2023-08-25 04:23:56',16,3012),(1357,'I','2023-08-25 04:23:56','N','2023-08-25 04:23:56',17,3012),(1358,'I','2023-08-25 04:23:56','N','2023-08-25 04:23:56',18,3012),(1359,'I','2023-08-25 04:23:56','N','2023-08-25 04:23:56',19,3012),(1360,'I','2023-08-25 04:23:56','N','2023-08-25 04:23:56',20,3012),(1361,'I','2023-08-25 04:23:56','N','2023-08-25 04:23:56',21,3012),(1362,'I','2023-08-25 04:23:56','N','2023-08-25 04:23:56',22,3012),(1363,'E','2023-08-25 04:23:56','N','2023-08-25 04:23:56',23,3012),(1364,'E','2023-08-25 04:23:56','N','2023-08-25 04:23:56',24,3012),(1365,'E','2023-08-25 04:23:56','Y','2023-08-25 04:23:56',25,3012),(1366,'E','2023-08-25 04:23:56','N','2023-08-25 04:23:56',26,3012),(1367,'E','2023-08-25 04:23:56','N','2023-08-25 04:23:56',27,3012),(1368,'E','2023-08-25 04:23:56','N','2023-08-25 04:23:56',28,3012),(1369,'E','2023-08-25 04:23:56','N','2023-08-25 04:23:56',29,3012),(1370,'E','2023-08-25 04:23:56','N','2023-08-25 04:23:56',30,3012),(1371,'E','2023-08-25 04:23:56','N','2023-08-25 04:23:56',31,3012),(1372,'E','2023-08-25 04:23:56','N','2023-08-25 04:23:56',32,3012),(1373,'C','2023-08-25 04:23:56','N','2023-08-25 04:23:56',1,3021),(1374,'C','2023-08-25 04:23:56','N','2023-08-25 04:23:56',2,3021),(1375,'C','2023-08-25 04:23:56','N','2023-08-25 04:23:56',3,3021),(1376,'C','2023-08-25 04:23:56','N','2023-08-25 04:23:56',4,3021),(1377,'C','2023-08-25 04:23:56','N','2023-08-25 04:23:56',5,3021),(1378,'C','2023-08-25 04:23:56','N','2023-08-25 04:23:56',6,3021),(1379,'S','2023-08-25 04:23:56','N','2023-08-25 04:23:56',7,3021),(1380,'S','2023-08-25 04:23:56','N','2023-08-25 04:23:56',8,3021),(1381,'S','2023-08-25 04:23:56','N','2023-08-25 04:23:56',9,3021),(1382,'S','2023-08-25 04:23:56','N','2023-08-25 04:23:56',10,3021),(1383,'S','2023-08-25 04:23:56','N','2023-08-25 04:23:56',11,3021),(1384,'S','2023-08-25 04:23:56','N','2023-08-25 04:23:56',12,3021),(1385,'S','2023-08-25 04:23:56','N','2023-08-25 04:23:56',13,3021),(1386,'S','2023-08-25 04:23:56','N','2023-08-25 04:23:56',14,3021),(1387,'S','2023-08-25 04:23:56','N','2023-08-25 04:23:56',15,3021),(1388,'I','2023-08-25 04:23:56','N','2023-08-25 04:23:56',16,3021),(1389,'I','2023-08-25 04:23:56','N','2023-08-25 04:23:56',17,3021),(1390,'I','2023-08-25 04:23:56','N','2023-08-25 04:23:56',18,3021),(1391,'I','2023-08-25 04:23:56','N','2023-08-25 04:23:56',19,3021),(1392,'I','2023-08-25 04:23:56','N','2023-08-25 04:23:56',20,3021),(1393,'I','2023-08-25 04:23:56','N','2023-08-25 04:23:56',21,3021),(1394,'I','2023-08-25 04:23:56','N','2023-08-25 04:23:56',22,3021),(1395,'E','2023-08-25 04:23:56','N','2023-08-25 04:23:56',23,3021),(1396,'E','2023-08-25 04:23:56','Y','2023-08-25 04:23:56',24,3021),(1397,'E','2023-08-25 04:23:56','Y','2023-08-25 04:23:56',25,3021),(1398,'E','2023-08-25 04:23:56','N','2023-08-25 04:23:56',26,3021),(1399,'E','2023-08-25 04:23:56','N','2023-08-25 04:23:56',27,3021),(1400,'E','2023-08-25 04:23:56','N','2023-08-25 04:23:56',28,3021),(1401,'E','2023-08-25 04:23:56','N','2023-08-25 04:23:56',29,3021),(1402,'E','2023-08-25 04:23:56','N','2023-08-25 04:23:56',30,3021),(1403,'E','2023-08-25 04:23:56','N','2023-08-25 04:23:56',31,3021),(1404,'E','2023-08-25 04:23:56','N','2023-08-25 04:23:56',32,3021),(1405,'C','2023-08-25 04:23:56','N','2023-08-25 04:23:56',1,3022),(1406,'C','2023-08-25 04:23:56','N','2023-08-25 04:23:56',2,3022),(1407,'C','2023-08-25 04:23:56','N','2023-08-25 04:23:56',3,3022),(1408,'C','2023-08-25 04:23:56','N','2023-08-25 04:23:56',4,3022),(1409,'C','2023-08-25 04:23:56','N','2023-08-25 04:23:56',5,3022),(1410,'C','2023-08-25 04:23:56','N','2023-08-25 04:23:56',6,3022),(1411,'S','2023-08-25 04:23:56','N','2023-08-25 04:23:56',7,3022),(1412,'S','2023-08-25 04:23:56','N','2023-08-25 04:23:56',8,3022),(1413,'S','2023-08-25 04:23:56','N','2023-08-25 04:23:56',9,3022),(1414,'S','2023-08-25 04:23:56','N','2023-08-25 04:23:56',10,3022),(1415,'S','2023-08-25 04:23:56','N','2023-08-25 04:23:56',11,3022),(1416,'S','2023-08-25 04:23:56','N','2023-08-25 04:23:56',12,3022),(1417,'S','2023-08-25 04:23:56','N','2023-08-25 04:23:56',13,3022),(1418,'S','2023-08-25 04:23:56','N','2023-08-25 04:23:56',14,3022),(1419,'S','2023-08-25 04:23:56','N','2023-08-25 04:23:56',15,3022),(1420,'I','2023-08-25 04:23:56','N','2023-08-25 04:23:56',16,3022),(1421,'I','2023-08-25 04:23:56','N','2023-08-25 04:23:56',17,3022),(1422,'I','2023-08-25 04:23:56','N','2023-08-25 04:23:56',18,3022),(1423,'I','2023-08-25 04:23:56','N','2023-08-25 04:23:56',19,3022),(1424,'I','2023-08-25 04:23:56','N','2023-08-25 04:23:56',20,3022),(1425,'I','2023-08-25 04:23:56','Y','2023-08-25 04:23:56',21,3022),(1426,'I','2023-08-25 04:23:56','N','2023-08-25 04:23:56',22,3022),(1427,'E','2023-08-25 04:23:56','N','2023-08-25 04:23:56',23,3022),(1428,'E','2023-08-25 04:23:56','N','2023-08-25 04:23:56',24,3022),(1429,'E','2023-08-25 04:23:56','Y','2023-08-25 04:23:56',25,3022),(1430,'E','2023-08-25 04:23:56','N','2023-08-25 04:23:56',26,3022),(1431,'E','2023-08-25 04:23:56','N','2023-08-25 04:23:56',27,3022),(1432,'E','2023-08-25 04:23:56','N','2023-08-25 04:23:56',28,3022),(1433,'E','2023-08-25 04:23:56','N','2023-08-25 04:23:56',29,3022),(1434,'E','2023-08-25 04:23:56','N','2023-08-25 04:23:56',30,3022),(1435,'E','2023-08-25 04:23:56','N','2023-08-25 04:23:56',31,3022),(1436,'E','2023-08-25 04:23:56','N','2023-08-25 04:23:56',32,3022),(1437,'C','2023-08-25 04:23:56','N','2023-08-25 04:23:56',28,4061),(1438,'E','2023-08-25 04:23:56','N','2023-08-25 04:23:56',29,4061),(1439,'E','2023-08-25 04:23:56','N','2023-08-25 04:23:56',30,4061),(1440,'E','2023-08-25 04:23:56','N','2023-08-25 04:23:56',31,4061),(1441,'E','2023-08-25 04:23:56','Y','2023-08-25 04:23:56',32,4061),(1442,'E','2023-08-25 04:23:56','Y','2023-08-25 04:23:56',33,4061),(1443,'E','2023-08-25 04:23:56','N','2023-08-25 04:23:56',34,4061),(1444,'E','2023-08-25 04:23:56','N','2023-08-25 04:23:56',35,4061),(1445,'I','2023-08-25 04:23:56','N','2023-08-25 04:23:56',16,4061),(1446,'I','2023-08-25 04:23:56','N','2023-08-25 04:23:56',37,4061),(1447,'I','2023-08-25 04:23:56','N','2023-08-25 04:23:56',38,4061),(1448,'I','2023-08-25 04:23:56','N','2023-08-25 04:23:56',39,4061),(1449,'I','2023-08-25 04:23:56','N','2023-08-25 04:23:56',40,4061),(1450,'C','2023-08-25 04:23:56','N','2023-08-25 04:23:56',2,4061),(1451,'S','2023-08-25 04:23:56','Y','2023-08-25 04:23:56',3,4061),(1452,'S','2023-08-25 04:23:56','Y','2023-08-25 04:23:56',4,4061),(1453,'C','2023-08-25 04:23:56','N','2023-08-25 04:23:56',5,4061),(1454,'C','2023-08-25 04:23:56','N','2023-08-25 04:23:56',6,4061),(1455,'C','2023-08-25 04:23:56','N','2023-08-25 04:23:56',7,4061),(1456,'S','2023-08-25 04:23:56','N','2023-08-25 04:23:56',8,4061),(1457,'S','2023-08-25 04:23:56','N','2023-08-25 04:23:56',9,4061),(1458,'S','2023-08-25 04:23:56','N','2023-08-25 04:23:56',10,4061),(1459,'S','2023-08-25 04:23:56','Y','2023-08-25 04:23:56',11,4061),(1460,'S','2023-08-25 04:23:56','N','2023-08-25 04:23:56',12,4061),(1461,'S','2023-08-25 04:23:56','N','2023-08-25 04:23:56',13,4061),(1462,'S','2023-08-25 04:23:56','N','2023-08-25 04:23:56',14,4061),(1463,'E','2023-08-25 04:23:56','N','2023-08-25 04:23:56',41,4062),(1464,'E','2023-08-25 04:23:56','N','2023-08-25 04:23:56',42,4062),(1465,'E','2023-08-25 04:23:56','N','2023-08-25 04:23:56',43,4062),(1466,'E','2023-08-25 04:23:56','Y','2023-08-25 04:23:56',44,4062),(1467,'E','2023-08-25 04:23:56','N','2023-08-25 04:23:56',37,4062),(1468,'E','2023-08-25 04:23:56','N','2023-08-25 04:23:56',33,4062),(1469,'E','2023-08-25 04:23:56','N','2023-08-25 04:23:56',34,4062),(1470,'E','2023-08-25 04:23:56','N','2023-08-25 04:23:56',35,4062),(1471,'I','2023-08-25 04:23:56','N','2023-08-25 04:23:56',46,4062),(1472,'I','2023-08-25 04:23:56','N','2023-08-25 04:23:56',47,4062),(1473,'I','2023-08-25 04:23:56','N','2023-08-25 04:23:56',48,4062),(1474,'I','2023-08-25 04:23:56','N','2023-08-25 04:23:56',49,4062),(1475,'I','2023-08-25 04:23:56','N','2023-08-25 04:23:56',40,4062),(1476,'C','2023-08-25 04:23:56','N','2023-08-25 04:23:56',28,4062),(1477,'S','2023-08-25 04:23:56','Y','2023-08-25 04:23:56',3,4062),(1478,'S','2023-08-25 04:23:56','Y','2023-08-25 04:23:56',4,4062),(1479,'C','2023-08-25 04:23:56','N','2023-08-25 04:23:56',5,4062),(1480,'C','2023-08-25 04:23:56','N','2023-08-25 04:23:56',6,4062),(1481,'C','2023-08-25 04:23:56','N','2023-08-25 04:23:56',7,4062),(1482,'S','2023-08-25 04:23:56','N','2023-08-25 04:23:56',8,4062),(1483,'S','2023-08-25 04:23:56','N','2023-08-25 04:23:56',9,4062),(1484,'S','2023-08-25 04:23:56','N','2023-08-25 04:23:56',10,4062),(1485,'S','2023-08-25 04:23:56','Y','2023-08-25 04:23:56',11,4062),(1486,'S','2023-08-25 04:23:56','N','2023-08-25 04:23:56',12,4062),(1487,'S','2023-08-25 04:23:56','N','2023-08-25 04:23:56',13,4062),(1488,'S','2023-08-25 04:23:56','N','2023-08-25 04:23:56',14,4062),(1489,'E','2023-08-25 04:23:56','N','2023-08-25 04:23:56',45,4063),(1490,'E','2023-08-25 04:23:56','N','2023-08-25 04:23:56',33,4063),(1491,'E','2023-08-25 04:23:56','N','2023-08-25 04:23:56',34,4063),(1492,'E','2023-08-25 04:23:56','N','2023-08-25 04:23:56',35,4063),(1493,'I','2023-08-25 04:23:56','N','2023-08-25 04:23:56',46,4063),(1494,'I','2023-08-25 04:23:56','N','2023-08-25 04:23:56',47,4063),(1495,'I','2023-08-25 04:23:56','N','2023-08-25 04:23:56',48,4063),(1496,'I','2023-08-25 04:23:56','N','2023-08-25 04:23:56',49,4063),(1497,'I','2023-08-25 04:23:56','N','2023-08-25 04:23:56',40,4063),(1498,'C','2023-08-25 04:23:56','N','2023-08-25 04:23:56',28,4063),(1499,'S','2023-08-25 04:23:56','Y','2023-08-25 04:23:56',3,4063),(1500,'S','2023-08-25 04:23:56','Y','2023-08-25 04:23:56',4,4063),(1501,'C','2023-08-25 04:23:56','N','2023-08-25 04:23:56',5,4063),(1502,'C','2023-08-25 04:23:56','N','2023-08-25 04:23:56',6,4063),(1503,'C','2023-08-25 04:23:56','N','2023-08-25 04:23:56',7,4063),(1504,'S','2023-08-25 04:23:56','N','2023-08-25 04:23:56',8,4063),(1505,'S','2023-08-25 04:23:56','N','2023-08-25 04:23:56',9,4063),(1506,'S','2023-08-25 04:23:56','N','2023-08-25 04:23:56',10,4063),(1507,'S','2023-08-25 04:23:56','Y','2023-08-25 04:23:56',11,4063);
/*!40000 ALTER TABLE `vehicles` ENABLE KEYS */;
UNLOCK TABLES;
/*!40103 SET TIME_ZONE=@OLD_TIME_ZONE */;

/*!40101 SET SQL_MODE=@OLD_SQL_MODE */;
/*!40014 SET FOREIGN_KEY_CHECKS=@OLD_FOREIGN_KEY_CHECKS */;
/*!40014 SET UNIQUE_CHECKS=@OLD_UNIQUE_CHECKS */;
/*!40101 SET CHARACTER_SET_CLIENT=@OLD_CHARACTER_SET_CLIENT */;
/*!40101 SET CHARACTER_SET_RESULTS=@OLD_CHARACTER_SET_RESULTS */;
/*!40101 SET COLLATION_CONNECTION=@OLD_COLLATION_CONNECTION */;
/*!40111 SET SQL_NOTES=@OLD_SQL_NOTES */;

-- Dump completed on 2023-09-01 14:35:46
